OBJECTID,State Abbreviation,State FIPS Code,County FIPS Code,State and County FIPS Code,Tract FIPS Code,Block Group FIPS Code,FIPS Code,2022 Total Population,Persons per square mile,Area in square miles,2020 Total Population,2020 Population Density,Mean SEGLENGTH,Maximum SEGLENGTH,Count of Lines,Area in Square Miles,Mean Existing Commercial Sqft,Minimum Existing Commercial Sqft,Maximum Existing Commercial Sqft,Count of Polygons,Count of Points
1,WA,53,33,53033,101,1,530330001011,1266,21100,0.06,1249,20816.7,522.540362,667,20,0.05564967,1785.384471,0,13905,108,0
2,WA,53,33,53033,101,2,530330001012,1403,35075,0.04,1398,34950,507.8474348,663.1338802,12,0.04004576,375.1709386,0,7400,49,1
3,WA,53,33,53033,101,3,530330001013,1123,18716.7,0.06,1112,18533.3,571.0465019,820,20,0.06447776,3096.839519,-670,20590,93,0
4,WA,53,33,53033,102,1,530330001021,1391,3974.3,0.35,1385,3957.1,1398.681208,3998.78551,63,0.34512041,0,0,0,599,1
5,WA,53,33,53033,102,2,530330001022,1245,7323.5,0.17,1237,7276.5,705.5073905,1363.534931,37,0.16866127,10396.7099,0,114656.944,381,1
6,WA,53,33,53033,102,3,530330001023,1754,29233.3,0.06,1699,28316.7,701.5669492,1281.61255,14,0.06349113,9120.529671,-2686,39350,69,2
7,WA,53,33,53033,201,1,530330002011,1296,3600,0.36,1289,3580.6,991.3457463,3314,39,0.35615889,9483.972603,0,12867,160,1
8,WA,53,33,53033,201,2,530330002012,1796,9452.6,0.19,1698,8936.8,621.3795525,1362.698325,42,0.18856775,4191.819691,0,68296,350,0
9,WA,53,33,53033,201,3,530330002013,1441,9606.7,0.15,1429,9526.7,578.7997496,1322,33,0.15288979,1919.73182,0,29338,295,0
10,WA,53,33,53033,202,1,530330002021,1292,6800,0.19,1289,6784.2,401.3804741,670,72,0.19114485,17.01532759,0,2040,497,0
11,WA,53,33,53033,202,2,530330002022,1498,7884.2,0.19,1442,7589.5,479.8573952,683.8112937,56,0.19035174,9178.050121,0,94480,366,3
12,WA,53,33,53033,202,3,530330002023,1410,7421.1,0.19,1368,7200,504.0993244,1034,68,0.18996251,0,0,0,483,0
13,WA,53,33,53033,300,1,530330003001,1385,4616.7,0.3,1370,4566.7,774.4714443,2305.503778,102,0.30438396,27691.1775,0,163897,529,0
14,WA,53,33,53033,300,2,530330003002,1520,9500,0.16,1450,9062.5,462.9033499,933.624869,79,0.16319325,1273.139661,-260,41704,497,0
15,WA,53,33,53033,402,1,530330004021,1411,11758.3,0.12,1401,11675,478.135417,663,42,0.12407623,8983.293186,0,102761,280,1
16,WA,53,33,53033,402,2,530330004022,1516,4458.8,0.34,1461,4297.1,703.7900601,2042,80,0.33561486,22864.43167,0,120334,455,1
17,WA,53,33,53033,402,3,530330004023,1282,10683.3,0.12,1274,10616.7,496.6259576,663,45,0.12460185,2380.487164,0,40308,291,0
18,WA,53,33,53033,402,4,530330004024,1075,9772.7,0.11,1038,9436.4,494.0357073,685.5054829,39,0.11027594,5998.507792,0,46000,236,1
19,WA,53,33,53033,403,1,530330004031,1566,9787.5,0.16,1542,9637.5,562.3421876,881.1670037,40,0.15712635,766.2487048,0,21409,356,1
20,WA,53,33,53033,403,2,530330004032,1539,11838.5,0.13,1532,11784.6,613.1701158,1332.43341,22,0.12560527,20924.70501,0,127347,98,1
21,WA,53,33,53033,404,1,530330004041,1581,22585.7,0.07,1565,22357.1,508.0546151,674.2020215,17,0.07201328,5772.653891,-2500,51390,113,0
22,WA,53,33,53033,404,2,530330004042,1184,9866.7,0.12,1135,9458.3,565.3885228,1063,35,0.12207794,4079.696731,0,48700,203,2
23,WA,53,33,53033,404,3,530330004043,1393,27860,0.05,1367,27340,581.9885674,660.1026353,6,0.04954385,53973.67361,0,127737,16,1
24,WA,53,33,53033,500,1,530330005001,1748,2241,0.78,1737,2226.9,808.4097529,2594,88,0.78349064,236.2417163,0,1979.79672,770,1
25,WA,53,33,53033,500,2,530330005002,1676,5078.8,0.33,1663,5039.4,542.4798572,1389,93,0.33438925,0.00424046,0,5.09831659,688,0
26,WA,53,33,53033,601,1,530330006011,1483,14830,0.1,1459,14590,417.7747104,662,36,0.09590013,412.1866943,0,14162,228,0
27,WA,53,33,53033,601,2,530330006012,1249,4163.3,0.3,1243,4143.3,930.2966038,2946.052734,70,0.29718529,2036.256634,0,36975,498,1
28,WA,53,33,53033,601,3,530330006013,1423,8893.8,0.16,1372,8575,574.1229425,871.6204848,43,0.15956236,6828.445243,0,86558,374,0
29,WA,53,33,53033,602,1,530330006021,1263,3946.9,0.32,1255,3921.9,576.1424127,1331,70,0.32070321,58280.84085,0,207386,458,0
30,WA,53,33,53033,602,2,530330006022,1456,4412.1,0.33,1441,4366.7,677.6056303,1749,46,0.32878994,15674.75191,0,104799.9506,424,1
31,WA,53,33,53033,602,3,530330006023,1378,4921.4,0.28,1310,4678.6,839.2782574,1981.956157,25,0.28132715,100277.4784,0,484836,144,0
32,WA,53,33,53033,700,1,530330007001,1255,8366.7,0.15,1244,8293.3,468.3643101,710,55,0.14905167,2596.692796,0,47308,353,1
33,WA,53,33,53033,700,2,530330007002,1367,6509.5,0.21,1353,6442.9,458.9500454,761.7212087,79,0.21118953,731.7825511,0,21320,469,0
34,WA,53,33,53033,700,3,530330007003,1248,20800,0.06,1239,20650,474.4071493,821.4540305,32,0.06383383,8845.174229,0,50759,80,3
35,WA,53,33,53033,700,4,530330007004,1405,17562.5,0.08,1368,17100,454.6692895,701,31,0.07567437,379.3111242,0,8434,189,0
36,WA,53,33,53033,800,1,530330008001,1237,6510.5,0.19,1229,6468.4,596.5432586,1305.585783,51,0.18833369,251.5210131,0,18701,489,0
37,WA,53,33,53033,800,2,530330008002,1511,6044,0.25,1464,5856,554.6881656,1307.717596,62,0.25258793,3085.545765,0,40352,563,0
38,WA,53,33,53033,900,1,530330009001,1152,5760,0.2,1147,5735,793.2276914,1888.600187,65,0.20177397,3.82374369,0,2501,482,0
39,WA,53,33,53033,900,2,530330009002,933,4910.5,0.19,929,4889.5,1303.198309,3396,69,0.18621683,212.5309584,0,11488,405,1
40,WA,53,33,53033,1000,1,530330010001,977,6978.6,0.14,975,6964.3,523.8099792,797,34,0.14333388,41089.3822,0,162543,271,2
41,WA,53,33,53033,1000,2,530330010002,1039,4517.4,0.23,1037,4508.7,645.9908775,1160,43,0.22508005,42956.71673,0,247393,384,1
42,WA,53,33,53033,1100,1,530330011001,1410,7050,0.2,1400,7000,562.369797,1794.683951,72,0.19807011,1432.260285,0,80360,449,0
43,WA,53,33,53033,1100,2,530330011002,1323,6300,0.21,1311,6242.9,513.2317719,894,67,0.21146502,541.9142593,0,16150,469,0
44,WA,53,33,53033,1201,1,530330012011,1473,14730,0.1,1460,14600,611.2783157,1325.501487,24,0.09502891,34542.90413,-1852,303255,110,1
45,WA,53,33,53033,1201,2,530330012012,1401,15566.7,0.09,1394,15488.9,650.3552759,1431.575865,38,0.0941119,3908.122432,0,71210,98,0
46,WA,53,33,53033,1201,3,530330012013,971,4855,0.2,927,4635,726.2849641,1425.702681,44,0.20014348,653999.3264,-280,1028438,33,0
47,WA,53,33,53033,1202,1,530330012021,1215,7593.8,0.16,1131,7068.8,413.1160848,996,72,0.15893537,2058.409147,0,41431,391,1
48,WA,53,33,53033,1202,2,530330012022,1149,12766.7,0.09,1142,12688.9,568.377285,996,31,0.09496317,999.6817491,0,33344,240,1
49,WA,53,33,53033,1202,3,530330012023,1611,26850,0.06,1607,26783.3,536.3307763,840,16,0.06325441,12382.60875,0,54555,96,2
50,WA,53,33,53033,1300,1,530330013001,1853,9752.6,0.19,1824,9600,537.6394915,894,63,0.19402838,1406.641704,0,44800,445,2
51,WA,53,33,53033,1300,2,530330013002,1540,17111.1,0.09,1549,17211.1,459.6308906,667,42,0.09452056,887.0068196,0,12012,296,0
52,WA,53,33,53033,1300,3,530330013003,1721,10123.5,0.17,1712,10070.6,501.3228628,664,62,0.16737506,16832.43042,-888,213065,328,1
53,WA,53,33,53033,1400,1,530330014001,1157,9641.7,0.12,1151,9591.7,467.0634267,663,48,0.12467964,204.2550252,-1471,17636,318,0
54,WA,53,33,53033,1400,2,530330014002,1408,7040,0.2,1363,6815,491.2009046,662,58,0.19869067,2346.462671,-1844,31765,384,1
55,WA,53,33,53033,1400,3,530330014003,1292,8613.3,0.15,1256,8373.3,488.3655463,1331,59,0.14625104,6084.084898,0,77316,292,0
56,WA,53,33,53033,1400,4,530330014004,1542,4283.3,0.36,1528,4244.4,641.3508087,1446.682062,67,0.36136016,995.4009639,0,37992,583,1
57,WA,53,33,53033,1500,1,530330015001,1300,6500,0.2,1290,6450,398.6416815,841,85,0.2016716,67.0184483,0,9943,524,1
58,WA,53,33,53033,1500,2,530330015002,1416,5664,0.25,1389,5556,500.566701,1403,68,0.24878925,0.01214364,0,11.70275472,539,0
59,WA,53,33,53033,1600,1,530330016001,1465,3959.5,0.37,1461,3948.6,697.3732563,1438.013492,71,0.37348467,1134.574191,0,47378,630,0
60,WA,53,33,53033,1600,2,530330016002,1449,5573.1,0.26,1445,5557.7,465.359078,1115,93,0.25540875,20978.7232,0,162870,576,0
61,WA,53,33,53033,1600,3,530330016003,1743,12450,0.14,1598,11414.3,560.938239,1323,50,0.14444297,2525.435765,-180,37581,429,1
62,WA,53,33,53033,1701,1,530330017011,1934,14876.9,0.13,1748,13446.2,460.4114057,663.7436737,56,0.12500593,24167.3956,-96,167000,288,1
63,WA,53,33,53033,1701,2,530330017012,1347,11225,0.12,1340,11166.7,509.1902344,661,43,0.11770609,1618.73197,-1483,48117,310,1
64,WA,53,33,53033,1701,3,530330017013,1163,11630,0.1,1164,11640,421.2594512,663,58,0.10198693,405.1230728,0,12700,334,0
65,WA,53,33,53033,1702,1,530330017021,1367,15188.9,0.09,1337,14855.6,528.6627459,761,31,0.08581186,1664.146938,0,40485,221,0
66,WA,53,33,53033,1702,2,530330017022,1140,8769.2,0.13,1132,8707.7,570.2637879,1323.57401,45,0.12544127,361.2426687,-304,4896,402,0
67,WA,53,33,53033,1702,3,530330017023,1295,11772.7,0.11,1294,11763.6,579.4042901,1228.95437,35,0.11364675,4039.381509,-4700,60422,319,0
68,WA,53,33,53033,1702,4,530330017024,1576,9270.6,0.17,1564,9200,505.6569197,665,54,0.16940908,336.0552691,0,15212,472,1
69,WA,53,33,53033,1800,1,530330018001,1728,10800,0.16,1709,10681.3,474.0383496,684,59,0.16406338,57362.54518,0,265072,441,0
70,WA,53,33,53033,1800,2,530330018002,1802,20022.2,0.09,1690,18777.8,509.9056733,667,40,0.09424446,1126.866279,-2123,17054,300,0
71,WA,53,33,53033,1800,3,530330018003,1757,15972.7,0.11,1710,15545.5,574.0298163,666.1008371,38,0.10698303,7845.547385,-978,134748,341,0
72,WA,53,33,53033,1900,1,530330019001,1619,10118.8,0.16,1610,10062.5,569.0170847,678,50,0.16001114,4172.586687,0,56614,525,0
73,WA,53,33,53033,1900,2,530330019002,1429,7521.1,0.19,1416,7452.6,792.560656,1880.444773,61,0.18800991,39.34312767,0,7260,529,0
74,WA,53,33,53033,1900,3,530330019003,1164,38800,0.03,719,23966.7,458.1307619,661.4834281,9,0.03135505,24462.00685,0,87255,6,0
75,WA,53,33,53033,1900,4,530330019004,1220,4692.3,0.26,1214,4669.2,918.8239896,2021.728588,38,0.26437379,393439.9759,0,779211.3846,234,0
76,WA,53,33,53033,2000,1,530330020001,1394,10723.1,0.13,1376,10584.6,487.2932414,663,56,0.12801713,254.7479989,0,11225,393,0
77,WA,53,33,53033,2000,2,530330020002,1228,8186.7,0.15,1184,7893.3,510.4576706,678,54,0.149787,1699.119351,0,24755,431,0
78,WA,53,33,53033,2000,3,530330020003,1194,7462.5,0.16,1163,7268.8,553.9465539,676,49,0.15924771,214.7485306,0,9650,394,1
79,WA,53,33,53033,2100,1,530330021001,1428,7515.8,0.19,1425,7500,646.1438608,1344,62,0.19441481,93.3468598,-400,8746,528,0
80,WA,53,33,53033,2100,2,530330021002,1376,7242.1,0.19,1365,7184.2,618.9801075,1402,61,0.1864167,3768.154336,0,33231,427,0
81,WA,53,33,53033,2100,3,530330021003,1711,11406.7,0.15,1633,10886.7,526.3276794,1438,59,0.14637598,2947.972258,0,41047,367,3
82,WA,53,33,53033,2200,1,530330022001,1575,6562.5,0.24,1572,6550,557.6878386,1263,72,0.2378807,4.28333865,0,1920,601,0
83,WA,53,33,53033,2200,2,530330022002,1506,6845.5,0.22,1503,6831.8,577.5591417,1300,75,0.21923105,1152.665573,0,40828,571,2
84,WA,53,33,53033,2200,3,530330022003,1603,6412,0.25,1597,6388,757.3299773,2273.187686,81,0.24555542,193.2417188,0,20805,559,1
85,WA,53,33,53033,2200,4,530330022004,1333,3507.9,0.38,1276,3357.9,836.6423102,2361.424611,50,0.37997924,18144.29375,0,40160.19992,440,1
86,WA,53,33,53033,2400,1,530330024001,1536,7314.3,0.21,1509,7185.7,531.0910075,1086,77,0.21499627,6260.172197,0,57647,597,0
87,WA,53,33,53033,2400,2,530330024002,1729,10806.3,0.16,1708,10675,547.9277383,1322.639278,57,0.15664517,102.103822,0,7584,496,0
88,WA,53,33,53033,2500,1,530330025001,1610,6708.3,0.24,1589,6620.8,472.3862909,1009,90,0.24015551,2350.251302,0,71374,634,0
89,WA,53,33,53033,2500,2,530330025002,1617,11550,0.14,1566,11185.7,493.3570255,675.5034833,52,0.13990267,2206.074711,0,25180,474,2
90,WA,53,33,53033,2600,1,530330026001,1150,12777.8,0.09,1141,12677.8,454.5422788,669,49,0.09473581,543.2975039,0,14526,394,1
91,WA,53,33,53033,2600,2,530330026002,1585,9906.3,0.16,1465,9156.3,434.1280929,685,68,0.15703944,1353.374296,0,38000,529,0
92,WA,53,33,53033,2600,3,530330026003,1996,15353.8,0.13,1710,13153.8,464.0972532,916,62,0.1261892,50074.35903,0,293761,424,1
93,WA,53,33,53033,2600,4,530330026004,1046,10460,0.1,1039,10390,474.2497667,929.6890645,58,0.10264135,393.9998838,0,6886,375,1
94,WA,53,33,53033,2700,1,530330027001,1575,11250,0.14,1571,11221.4,495.802572,665,69,0.1398527,4156.827511,-465,45680,532,0
95,WA,53,33,53033,2700,2,530330027002,1546,8136.8,0.19,1489,7836.8,926.1764069,3018.061658,96,0.19072793,204.0961257,0,14146,549,0
96,WA,53,33,53033,2700,3,530330027003,1185,9875,0.12,1163,9691.7,446.5496047,763,52,0.12181855,30197.82162,0,188598,383,0
97,WA,53,33,53033,2700,4,530330027004,1659,10368.8,0.16,1653,10331.3,460.5623022,667,68,0.1594931,5278.830871,0,58186,513,0
98,WA,53,33,53033,2800,1,530330028001,1255,12550,0.1,1255,12550,561.9389823,708,48,0.10193981,415.9374228,0,13550,462,2
99,WA,53,33,53033,2800,2,530330028002,1292,12920,0.1,1283,12830,576.29385,864,46,0.10016679,1286.186551,0,41600,446,2
100,WA,53,33,53033,2800,3,530330028003,1254,15675,0.08,1230,15375,535.9214862,862,48,0.07760278,287.0562486,-635,7822,335,0
101,WA,53,33,53033,2800,4,530330028004,1195,11950,0.1,1188,11880,530.188043,666,53,0.10187781,673.935408,0,18678,426,3
102,WA,53,33,53033,2900,1,530330029001,1709,12207.1,0.14,1701,12150,572.177186,659,49,0.13925213,5104.751696,-185,60940,534,2
103,WA,53,33,53033,2900,2,530330029002,1549,11915.4,0.13,1514,11646.2,466.0462584,660,64,0.12763193,554.8311269,0,20678,565,1
104,WA,53,33,53033,2900,3,530330029003,1496,13600,0.11,1475,13409.1,568.64521,811.6474923,42,0.11386433,34.39764879,0,5518,533,2
105,WA,53,33,53033,3000,1,530330030001,1768,11050,0.16,1750,10937.5,490.4123672,795,81,0.15861977,8.55240168,0,2390,657,1
106,WA,53,33,53033,3000,2,530330030002,1594,11385.7,0.14,1536,10971.4,528.6719208,690,51,0.1416595,2752.297129,0,42738,507,1
107,WA,53,33,53033,3000,3,530330030003,1815,12100,0.15,1776,11840,520.1285889,689.5823226,55,0.15090199,2998.442889,0,66000,579,0
108,WA,53,33,53033,3000,4,530330030004,1444,11107.7,0.13,1431,11007.7,495.7641548,690,45,0.12539729,124.5381705,-833,6795,540,1
109,WA,53,33,53033,3100,1,530330031001,1246,10383.3,0.12,1216,10133.3,523.7519797,806,45,0.11807073,556.9057521,0,22326,478,1
110,WA,53,33,53033,3100,2,530330031002,1182,9850,0.12,1181,9841.7,519.707368,813,49,0.11985581,6986.954542,-620,126867,481,0
111,WA,53,33,53033,3100,3,530330031003,1285,11681.8,0.11,1277,11609.1,511.0653407,684,49,0.11413731,3325.963231,0,25667,422,1
112,WA,53,33,53033,3100,4,530330031004,1523,10153.3,0.15,1519,10126.7,434.9557343,668.6885014,76,0.1485328,17.41574782,0,3029,569,0
113,WA,53,33,53033,3100,5,530330031005,1370,3805.6,0.36,1352,3755.6,962.3110518,3218.081808,57,0.35627393,1328.647014,0,4379.865621,542,3
114,WA,53,33,53033,3201,1,530330032011,1384,9226.7,0.15,1377,9180,535.5674771,817,59,0.15375888,12717.34602,0,121397,247,1
115,WA,53,33,53033,3201,2,530330032012,1863,7165.4,0.26,1857,7142.3,948.0242628,2736.918192,62,0.2569853,2467.730997,0,39785,461,0
116,WA,53,33,53033,3201,3,530330032013,1495,37375,0.04,1490,37250,565.2231695,673,17,0.03838871,3551.909272,-250,21770,93,0
117,WA,53,33,53033,3202,1,530330032021,1679,13991.7,0.12,1652,13766.7,472.5995079,703,65,0.11802702,28.95695361,0,4600,501,0
118,WA,53,33,53033,3202,2,530330032022,1809,16445.5,0.11,1741,15827.3,559.3884248,707,45,0.10588204,5475.107513,0,55100,359,2
119,WA,53,33,53033,3202,3,530330032023,1408,9386.7,0.15,1388,9253.3,522.0358692,678,66,0.14518572,1359.187219,0,54287,512,1
120,WA,53,33,53033,3301,1,530330033011,1325,14722.2,0.09,1305,14500,468.716647,799,42,0.08708117,15622.98145,0,129916,297,0
121,WA,53,33,53033,3301,2,530330033012,1656,20700,0.08,1608,20100,614.4644575,800,31,0.08022418,138.0958805,0,4012,322,1
122,WA,53,33,53033,3301,3,530330033013,1467,16300,0.09,1438,15977.8,441.1488776,701,45,0.09107893,1196.590638,0,35736,340,2
123,WA,53,33,53033,3302,1,530330033021,1300,13000,0.1,1273,12730,469.6768824,673,54,0.10342,293.041828,0,20058,451,0
124,WA,53,33,53033,3302,2,530330033022,1072,17866.7,0.06,1052,17533.3,545.800856,656,27,0.06469533,148.7192454,0,3868,240,0
125,WA,53,33,53033,3302,3,530330033023,1173,16757.1,0.07,1141,16300,454.3589958,667.6383845,41,0.07400083,91130.5713,-2512,241955,192,0
126,WA,53,33,53033,3400,1,530330034001,1204,12040,0.1,1196,11960,468.7936065,728.2670489,55,0.10160888,971.5383669,0,22420,414,2
127,WA,53,33,53033,3400,2,530330034002,1275,12750,0.1,1257,12570,493.83472,660.0361248,46,0.0980601,148.9569225,0,6300,464,1
128,WA,53,33,53033,3400,3,530330034003,1124,11240,0.1,1107,11070,396.6337879,943.5007578,65,0.10425092,6947.132574,0,79292,342,0
129,WA,53,33,53033,3500,1,530330035001,1614,12415.4,0.13,1567,12053.8,467.1869236,676,63,0.1304986,1673.467409,-340,29696,508,1
130,WA,53,33,53033,3500,2,530330035002,1510,11615.4,0.13,1489,11453.8,325.335716,783,117,0.13358365,180.6842379,-306,7380,476,0
131,WA,53,33,53033,3500,3,530330035003,1170,5087,0.23,1154,5017.4,506.7564207,2433.951684,113,0.23195847,58469.01636,0,78179.30494,283,1
132,WA,53,33,53033,3601,1,530330036011,1325,14722.2,0.09,1265,14055.6,563.5297634,1351.093109,77,0.09488888,613.074901,-334,19630,282,4
133,WA,53,33,53033,3601,2,530330036012,1414,11783.3,0.12,1398,11650,473.3292607,666.0207219,60,0.12382424,2716.777843,0,37677,483,0
134,WA,53,33,53033,3601,3,530330036013,1189,29725,0.04,1175,29375,527.454063,1050.310928,20,0.04156146,3910.517618,0,27622,108,0
135,WA,53,33,53033,3602,1,530330036021,2135,30500,0.07,1818,25971.4,604.2443901,1401,42,0.06575924,6718.936949,-900,46485,125,0
136,WA,53,33,53033,3602,2,530330036022,1418,28360,0.05,1396,27920,419.1069802,801.1621755,29,0.0520061,5979.219874,0,49409,145,3
137,WA,53,33,53033,3602,3,530330036023,1376,17200,0.08,1360,17000,740.929531,2074,69,0.0839083,19321.17898,-4639,88304,102,0
138,WA,53,33,53033,3800,1,530330038001,1442,11092.3,0.13,1424,10953.8,531.7490673,1326,47,0.1335247,46735.89382,0,205000,368,1
139,WA,53,33,53033,3800,2,530330038002,1053,9572.7,0.11,1045,9500,558.8051208,1046,42,0.1076327,55.40261336,0,3784,369,0
140,WA,53,33,53033,3900,1,530330039001,1865,8477.3,0.22,1851,8413.6,470.5312107,757.7263049,84,0.21970483,1386.052565,0,24035,627,0
141,WA,53,33,53033,3900,2,530330039002,1199,7493.8,0.16,1190,7437.5,453.0048297,674,60,0.15633572,6142.014723,0,47779,438,0
142,WA,53,33,53033,4000,1,530330040001,2414,2807,0.86,2274,2644.2,1061.004407,2594,58,0.86377433,537644.2389,0,859112.5837,295,2
143,WA,53,33,53033,4000,2,530330040002,1038,7984.6,0.13,1034,7953.8,540.6131152,1012,46,0.1301151,0,0,0,357,0
144,WA,53,33,53033,4101,1,530330041011,1170,6157.9,0.19,1163,6121.1,458.6716301,817,73,0.19319022,10478.9666,0,100552,421,0
145,WA,53,33,53033,4101,2,530330041012,1371,5712.5,0.24,1362,5675,520.6436698,1207,79,0.24081801,0,0,0,511,0
146,WA,53,33,53033,4101,3,530330041013,1395,7342.1,0.19,1389,7310.5,479.1099794,1043,67,0.18502835,8641.644746,0,50804,367,1
147,WA,53,33,53033,4102,1,530330041021,1363,5926.1,0.23,1360,5913,620.9062466,1130,51,0.22610289,3688.783049,0,35206.54483,253,0
148,WA,53,33,53033,4102,2,530330041022,1501,7147.6,0.21,1414,6733.3,595.0174391,1062,48,0.20511078,292289.9814,0,1013587,444,2
149,WA,53,33,53033,4102,3,530330041023,1456,6618.2,0.22,1424,6472.7,540.6153442,1249.355989,66,0.22127526,21.25415004,0,4129,449,0
150,WA,53,33,53033,4201,1,530330042011,1334,6352.4,0.21,1326,6314.3,915.8993225,3511.816325,109,0.20573815,20374.00438,0,182686,469,0
151,WA,53,33,53033,4201,2,530330042012,1333,10253.8,0.13,1323,10176.9,666.2296792,1409.908189,68,0.12620039,1282.092016,0,24377,244,0
152,WA,53,33,53033,4201,3,530330042013,1316,8773.3,0.15,1310,8733.3,491.6010667,667,54,0.14840901,193.7665575,0,16177,469,0
153,WA,53,33,53033,4202,1,530330042021,1467,7335,0.2,1457,7285,557.1821385,1640,93,0.19833455,4380.945018,0,38378,442,3
154,WA,53,33,53033,4202,2,530330042022,1431,11007.7,0.13,1428,10984.6,509.6726111,670,54,0.13042809,37.46675733,0,6400,516,1
155,WA,53,33,53033,4202,3,530330042023,1590,11357.1,0.14,1556,11114.3,531.8998125,1296.820778,59,0.14266558,6437.750721,0,75072,542,3
156,WA,53,33,53033,4301,1,530330043011,1554,11953.8,0.13,1324,10184.6,584.6850641,1471.875062,47,0.13295832,206019.1328,0,560670,157,2
157,WA,53,33,53033,4301,2,530330043012,1317,13170,0.1,1300,13000,650.1283621,1331.47808,35,0.10095772,145.5937288,0,10290,458,0
158,WA,53,33,53033,4301,3,530330043013,1331,9507.1,0.14,1319,9421.4,333.9413838,699.9,72,0.14414412,37.9862808,0,6532,373,2
159,WA,53,33,53033,4302,1,530330043021,1099,18316.7,0.06,1086,18100,841.5301096,2184.432686,28,0.06056494,41111.05055,0,194453,76,0
160,WA,53,33,53033,4302,2,530330043022,1429,47633.3,0.03,1371,45700,562.9528391,1080,14,0.02783345,458.2037604,-999,9779,48,0
161,WA,53,33,53033,4302,3,530330043023,1546,38650,0.04,1463,36575,429.9943061,670.5584115,24,0.039475,0,0,0,124,0
162,WA,53,33,53033,4401,1,530330044011,1508,11600,0.13,1426,10969.2,416.9279879,779.4408876,68,0.12676639,0,0,0,274,1
163,WA,53,33,53033,4401,2,530330044012,1215,12150,0.1,1207,12070,374.8111765,910.3814055,73,0.09784249,7710.223298,0,128315,349,1
164,WA,53,33,53033,4401,3,530330044013,1001,25025,0.04,1177,29425,530.8101027,777,24,0.0436859,1089.118177,0,24948,153,0
165,WA,53,33,53033,4402,1,530330044021,1266,31650,0.04,1263,31575,453.3050003,777,22,0.04180487,8842.71996,-1030,55853,136,0
166,WA,53,33,53033,4402,2,530330044022,1235,24700,0.05,1232,24640,384.1827876,849.932846,35,0.04982567,597.05066,0,17258,202,0
167,WA,53,33,53033,4402,3,530330044023,1070,53500,0.02,1069,53450,748.7004084,770.4415099,6,0.02226266,1277.37152,-1098,11860,73,0
168,WA,53,33,53033,4500,1,530330045001,1233,11209.1,0.11,1206,10963.6,799.1862467,2045.864435,38,0.10649244,4875.588904,0,51515,339,3
169,WA,53,33,53033,4500,2,530330045002,1787,11913.3,0.15,1766,11773.3,719.9380595,2021.813783,80,0.15259552,1923.677806,0,51360,592,1
170,WA,53,33,53033,4600,1,530330046001,1259,1554.3,0.81,1246,1538.3,626.8275922,2197,79,0.81204048,28.59663497,0,2937,415,2
171,WA,53,33,53033,4600,2,530330046002,1174,11740,0.1,1166,11660,535.2108844,1020.819491,44,0.10210909,64.53235792,0,5021,424,0
172,WA,53,33,53033,4600,3,530330046003,1154,14425,0.08,1151,14387.5,452.9704604,668,44,0.08412857,239.0469682,0,7637,370,1
173,WA,53,33,53033,4701,1,530330047011,1349,33725,0.04,1336,33400,575.6975558,701,18,0.03800807,1871.406349,-438,20968,107,2
174,WA,53,33,53033,4701,2,530330047012,1222,9400,0.13,1214,9338.5,517.7512802,990,51,0.13297016,31132.168,-277,87333,154,14
175,WA,53,33,53033,4701,3,530330047013,1095,21900,0.05,1089,21780,427.7267425,812.4253106,36,0.0494595,62797.29411,0,333490,55,5
176,WA,53,33,53033,4702,1,530330047021,1099,21980,0.05,1070,21400,576.7451491,800,29,0.05330517,14750.81835,-710,76359,147,2
177,WA,53,33,53033,4702,2,530330047022,1589,52966.7,0.03,1494,49800,526.7516843,658,20,0.02622321,35550.42636,-2308,195243,12,0
178,WA,53,33,53033,4702,3,530330047023,1358,67900,0.02,1353,67650,695.3449538,797.1122398,10,0.02333536,1974.065217,0,12228,60,3
179,WA,53,33,53033,4703,1,530330047031,1272,12720,0.1,1205,12050,525.1153435,679.4611572,33,0.09843379,186.3002479,0,11364,360,0
180,WA,53,33,53033,4703,2,530330047032,1367,8543.8,0.16,1285,8031.3,536.1598762,984,85,0.15728313,23718.80176,0,117118,217,4
181,WA,53,33,53033,4703,3,530330047033,1178,5890,0.2,1145,5725,522.1653818,1528,89,0.20311858,35338.35539,0,162559.3602,296,6
182,WA,53,33,53033,4800,1,530330048001,1190,10818.2,0.11,1154,10490.9,356.2064624,741,91,0.10689998,3.21962439,0,1600,414,0
183,WA,53,33,53033,4800,2,530330048002,1331,12100,0.11,1328,12072.7,391.7028759,715,67,0.11390383,8.45587619,0,3144,407,1
184,WA,53,33,53033,4800,3,530330048003,1410,8812.5,0.16,1387,8668.8,486.4691691,1970.838787,115,0.16200549,5710.494039,0,43003,412,2
185,WA,53,33,53033,4800,4,530330048004,1266,11509.1,0.11,1244,11309.1,529.8186776,790.2059096,58,0.11071366,1890.034479,0,27744,421,1
186,WA,53,33,53033,4901,1,530330049011,1333,16662.5,0.08,1266,15825,293.6985394,359.3607041,64,0.07575879,2492.310173,-950,44384,252,0
187,WA,53,33,53033,4901,2,530330049012,1489,24816.7,0.06,1475,24583.3,336.0128289,460,45,0.06167584,14.66866444,-769,2304,238,2
188,WA,53,33,53033,4901,3,530330049013,1192,23840,0.05,1105,22100,301.7727185,501,59,0.05452183,1048.434841,0,9127,177,1
189,WA,53,33,53033,4902,1,530330049021,1783,14858.3,0.12,1729,14408.3,349.8543552,844.0254726,93,0.12161315,4169.525452,0,46242,401,1
190,WA,53,33,53033,4902,2,530330049022,1431,13009.1,0.11,1414,12854.5,721.2071498,2053.53911,52,0.10913831,219418.8321,0,715179.9824,190,13
191,WA,53,33,53033,5000,1,530330050001,1834,12226.7,0.15,1754,11693.3,306.4070505,469,115,0.150752,29047.0287,0,232370,458,5
192,WA,53,33,53033,5000,2,530330050002,1092,13650,0.08,1084,13550,330.2222754,500.5134048,48,0.08183813,7125.903368,-2500,105994,262,0
193,WA,53,33,53033,5000,3,530330050003,1723,28716.7,0.06,1685,28083.3,282.493125,395,50,0.05984651,2379.277314,0,31774,150,1
194,WA,53,33,53033,5100,1,530330051001,1492,12433.3,0.12,1470,12250,380.0258733,899,66,0.12376715,9132.240183,-472,87262,403,2
195,WA,53,33,53033,5100,2,530330051002,1377,11475,0.12,1375,11458.3,355.9003752,458,69,0.12310706,224.7829371,0,14619,478,0
196,WA,53,33,53033,5100,3,530330051003,1168,12977.8,0.09,1167,12966.7,367.6228244,524.6043945,56,0.09358294,22.76593162,0,4170,389,0
197,WA,53,33,53033,5201,1,530330052011,1352,12290.9,0.11,1332,12109.1,534.1652483,1506,91,0.11496103,4867.274291,0,56382,325,0
198,WA,53,33,53033,5201,2,530330052012,1364,13640,0.1,1340,13400,558.2638483,1326.306333,54,0.10115559,1342.312855,0,27793,378,1
199,WA,53,33,53033,5201,3,530330052013,1230,24600,0.05,1226,24520,731.4277184,1326.42731,26,0.05404378,21384.37067,0,144578,86,2
200,WA,53,33,53033,5202,1,530330052021,1290,43000,0.03,1231,41033.3,513.6490765,687.8453789,17,0.02701637,1914.312805,0,10116,34,0
201,WA,53,33,53033,5202,2,530330052022,1207,24140,0.05,1201,24020,396.0218205,858.5453774,40,0.04530952,4359.154491,0,17764,49,2
202,WA,53,33,53033,5202,3,530330052023,1196,39866.7,0.03,1163,38766.7,604.878884,1028.132544,19,0.03165375,19289.75428,0,108344,69,1
203,WA,53,33,53033,5303,1,530330053031,1628,10853.3,0.15,1601,10673.3,522.4788552,914,35,0.14990067,1124.268174,0,16026,9,0
204,WA,53,33,53033,5303,2,530330053032,3717,4705.1,0.79,3709,4694.9,1457.808034,3631.471786,54,0.78851735,0,0,0,8,0
205,WA,53,33,53033,5304,1,530330053041,1853,185300,0.01,1865,186500,296.1975059,430,21,0.01070141,269.7788113,269.7788113,269.7788113,1,0
206,WA,53,33,53033,5304,2,530330053042,1663,83150,0.02,1641,82050,255.2024926,289.4557757,29,0.0174967,657.8054154,345.9385013,16162,2,0
207,WA,53,33,53033,5305,1,530330053051,1375,27500,0.05,1354,27080,442.2506253,540,27,0.05003541,38979.67971,0,336254,90,5
208,WA,53,33,53033,5305,2,530330053052,1658,55266.7,0.03,1531,51033.3,347.6908387,540,21,0.03219232,21618.29855,0,137929,53,1
209,WA,53,33,53033,5306,1,530330053061,1630,32600,0.05,1678,33560,513.7725142,665.5805624,22,0.05240783,18553.22157,0,129249,89,5
210,WA,53,33,53033,5306,2,530330053062,1484,49466.7,0.03,1456,48533.3,503.9540625,666.7114802,12,0.02500051,21236.48037,-1530,125562,28,2
211,WA,53,33,53033,5307,1,530330053071,1028,51400,0.02,936,46800,548.4054214,664,12,0.01553795,2027.376967,0,21075,30,0
212,WA,53,33,53033,5307,2,530330053072,628,62800,0.01,714,71400,509.4251616,661,7,0.01332807,1099.976893,0,13120,36,0
213,WA,53,33,53033,5307,3,530330053073,1269,63450,0.02,1271,63550,514.7176531,660,12,0.02133796,197.5597928,-1410,5281,55,0
214,WA,53,33,53033,5401,1,530330054011,1267,31675,0.04,1253,31325,510.4428177,791.6153627,22,0.03921276,6730.438974,-519,66336,82,1
215,WA,53,33,53033,5401,2,530330054012,1348,9628.6,0.14,1339,9564.3,612.1225285,1789.039956,66,0.13558716,9025.294018,0,77034,210,1
216,WA,53,33,53033,5401,3,530330054013,1272,10600,0.12,1261,10508.3,575.4397963,1328,67,0.11693168,21596.25889,0,218181,206,2
217,WA,53,33,53033,5402,1,530330054021,1219,13544.4,0.09,1188,13200,387.2940791,792.7319744,50,0.08562014,27.34130396,0,3678,370,0
218,WA,53,33,53033,5402,2,530330054022,1145,22900,0.05,1138,22760,351.39169,565,32,0.0480971,4121.372344,0,34713,157,0
219,WA,53,33,53033,5402,3,530330054023,1009,20180,0.05,936,18720,342.118986,505,26,0.0453995,4834.85728,0,85284,131,0
220,WA,53,33,53033,5600,1,530330056001,1574,8744.4,0.18,1559,8661.1,445.5510493,792,84,0.18355585,0,0,0,605,0
221,WA,53,33,53033,5600,2,530330056002,1385,4946.4,0.28,1375,4910.7,707.7693596,2957,61,0.27579257,0.00000133,0,0.05373345,567,0
222,WA,53,33,53033,5600,3,530330056003,1445,4250,0.34,1434,4217.6,851.7469561,3044,125,0.33801678,114.2412238,0,13065,599,1
223,WA,53,33,53033,5600,4,530330056004,1365,8029.4,0.17,1357,7982.4,538.7439045,1036,81,0.17409012,83.6984652,0,8838,532,1
224,WA,53,33,53033,5600,5,530330056005,1420,7100,0.2,1405,7025,380.7450955,810,125,0.19520571,521.118802,0,24746,607,1
225,WA,53,33,53033,5700,1,530330057001,1365,1083.3,1.26,1346,1068.3,1265.441224,3195,81,1.25755755,6747.202562,0,9097.586759,464,2
226,WA,53,33,53033,5700,2,530330057002,1205,8033.3,0.15,1182,7880,571.9797517,1647.27137,52,0.15287364,3354.161616,0,52563,426,0
227,WA,53,33,53033,5700,3,530330057003,1393,6633.3,0.21,1376,6552.4,479.6590834,811,69,0.20722051,30373.58411,0,167296,477,2
228,WA,53,33,53033,5700,4,530330057004,1307,8713.3,0.15,1300,8666.7,455.0710283,660,53,0.1476079,366.8768934,0,17142,433,0
229,WA,53,33,53033,5700,5,530330057005,1397,8217.6,0.17,1382,8129.4,539.9040383,1550.638612,62,0.16732007,3265.485117,0,29014,374,1
230,WA,53,33,53033,5801,1,530330058011,1385,17312.5,0.08,1331,16637.5,516.2850524,682.7004809,28,0.08215146,273.874171,-399,12460,258,0
231,WA,53,33,53033,5801,2,530330058012,1743,21787.5,0.08,1727,21587.5,461.6914158,673,36,0.08170116,166.7419346,0,3122,169,1
232,WA,53,33,53033,5801,3,530330058013,1396,10738.5,0.13,1360,10461.5,444.3410568,914,52,0.13059295,4564.608276,0,52546,289,1
233,WA,53,33,53033,5801,4,530330058014,1735,4231.7,0.41,1698,4141.5,540.9687352,1229.998833,126,0.40915897,60266.75883,0,208562,414,3
234,WA,53,33,53033,5803,1,530330058031,1838,12253.3,0.15,1731,11540,565.351295,1433,62,0.15148994,29.48593031,0,4250,436,0
235,WA,53,33,53033,5803,2,530330058032,1658,9752.9,0.17,1616,9505.9,406.9386679,1126.476265,97,0.16979476,2695.608186,0,78880,399,1
236,WA,53,33,53033,5804,1,530330058041,1485,1811,0.82,1319,1608.5,1959.883697,6977,103,0.81530621,178590.0201,0,878200,285,5
237,WA,53,33,53033,5804,2,530330058042,1687,18744.4,0.09,1674,18600,563.4304744,1255,41,0.08509382,13438.8047,0,112614,170,1
238,WA,53,33,53033,5901,1,530330059011,1318,8237.5,0.16,1295,8093.8,682.2786875,1375.727389,49,0.1550739,20039.66822,0,148041,248,3
239,WA,53,33,53033,5901,2,530330059012,922,13171.4,0.07,1056,15085.7,399.3852897,658.0621366,34,0.07417856,71654.11403,0,197308,113,0
240,WA,53,33,53033,5901,3,530330059013,1157,16528.6,0.07,1219,17414.3,568.1854663,926.8061785,40,0.0711489,5264.891507,0,58104,177,1
241,WA,53,33,53033,5902,1,530330059021,1433,14330,0.1,1415,14150,570.3734145,1183,44,0.10246817,2.00389555,0,648,362,0
242,WA,53,33,53033,5902,2,530330059022,1418,11816.7,0.12,1337,11141.7,397.1235076,1036.211215,75,0.12364291,109.8813987,0,13278,481,0
243,WA,53,33,53033,5902,3,530330059023,1388,8164.7,0.17,1375,8088.2,377.6338861,983.1237954,80,0.16888481,4009.13658,0,70821,443,0
244,WA,53,33,53033,6000,1,530330060001,1677,16770,0.1,1641,16410,643.248674,1051,34,0.09697044,845.874614,0,12052,162,1
245,WA,53,33,53033,6000,2,530330060002,1512,9450,0.16,1464,9150,420.17325,954.9474194,99,0.16419034,3277.744242,0,61127,497,1
246,WA,53,33,53033,6000,3,530330060003,1542,10280,0.15,1533,10220,401.3461092,668.7363524,70,0.14976857,694.1978123,0,18930,493,1
247,WA,53,33,53033,6000,4,530330060004,1467,13336.4,0.11,1423,12936.4,759.8063265,2218.545098,47,0.10670716,23285.69075,0,135520,196,0
248,WA,53,33,53033,6100,1,530330061001,1423,12936.4,0.11,1319,11990.9,714.4992335,1736.861228,37,0.1120639,390.8250118,0,13807,297,0
249,WA,53,33,53033,6100,2,530330061002,1256,6977.8,0.18,1221,6783.3,1073.593315,2370.289582,76,0.17699345,700.6631363,-1010,18474,357,1
250,WA,53,33,53033,6100,3,530330061003,860,21500,0.04,808,20200,418.3367955,873.6531394,27,0.03816968,3720.930865,-380,53289,86,0
251,WA,53,33,53033,6100,4,530330061004,895,14916.7,0.06,891,14850,1079.442182,2219.549319,19,0.05907693,9294.931059,0,82234,66,1
252,WA,53,33,53033,6100,5,530330061005,1478,18475,0.08,1428,17850,679.5630669,1305.111197,30,0.07553475,7431.914138,-527,74223,182,3
253,WA,53,33,53033,6200,1,530330062001,1520,3102,0.49,1516,3093.9,1140.711802,4374,132,0.48858156,6174.266476,0,11713,552,4
254,WA,53,33,53033,6200,2,530330062002,1540,7000,0.22,1536,6981.8,559.6824028,1229.12,102,0.217668,4737.662785,0,68606.26716,569,2
255,WA,53,33,53033,6200,3,530330062003,1029,4473.9,0.23,1023,4447.8,1193.239879,3446.774805,63,0.23432914,7930.849365,0,145618,394,3
256,WA,53,33,53033,6300,1,530330063001,1348,8425,0.16,1343,8393.8,462.7991713,913,56,0.16132821,100.8557757,0,19232,387,0
257,WA,53,33,53033,6300,2,530330063002,1511,2747.3,0.55,1502,2730.9,1220.576306,4172.125363,43,0.54993267,5874.029811,0,39704,588,1
258,WA,53,33,53033,6300,3,530330063003,1326,16575,0.08,1318,16475,556.2209306,815.6675009,22,0.0821773,210.8033072,-18.81302585,8204,244,1
259,WA,53,33,53033,6300,4,530330063004,1374,6542.9,0.21,1367,6509.5,381.2616994,826.3714231,102,0.21437371,515.1991985,-879.3893186,28236,393,1
260,WA,53,33,53033,6400,1,530330064001,1142,9516.7,0.12,1132,9433.3,390.3929002,658,64,0.11611451,17.80122606,0,4028,427,0
261,WA,53,33,53033,6400,2,530330064002,996,11066.7,0.09,988,10977.8,461.4263749,710,39,0.08975291,0,0,0,298,0
262,WA,53,33,53033,6400,3,530330064003,1313,9378.6,0.14,1300,9285.7,513.0616561,710,46,0.1430436,13455.44546,0,147252,408,0
263,WA,53,33,53033,6500,1,530330065001,1652,5900,0.28,1553,5546.4,406.5659207,819.8657304,83,0.27639966,18668.70847,0,52872.09644,443,2
264,WA,53,33,53033,6500,2,530330065002,1512,15120,0.1,1477,14770,409.9874813,713,48,0.10000863,2468.430127,-1116,61691,279,0
265,WA,53,33,53033,6500,3,530330065003,1645,23500,0.07,1642,23457.1,466.356025,820,39,0.06669599,790.851096,-1200,26010,175,0
266,WA,53,33,53033,6600,1,530330066001,1074,4881.8,0.22,1070,4863.6,752.6898108,2364,95,0.2151783,173526.061,0,934572,98,1
267,WA,53,33,53033,6600,2,530330066002,1915,31916.7,0.06,1851,30850,524.2102843,1114.57147,35,0.06374279,432.0890083,0,7110,172,3
268,WA,53,33,53033,6600,3,530330066003,1164,7760,0.15,1140,7600,1373.568342,3712.176493,45,0.14879583,4277.310365,0,35960,196,0
269,WA,53,33,53033,6701,1,530330067011,1293,64650,0.02,1286,64300,144.3868699,156.802509,4,0.01900759,87766.33825,0,345992,9,0
270,WA,53,33,53033,6701,2,530330067012,1309,26180,0.05,1140,22800,458.606841,942,31,0.05286984,64067.88856,0,206142,25,0
271,WA,53,33,53033,6701,3,530330067013,1827,26100,0.07,1634,23342.9,382.4205934,780,41,0.07494723,29905.50322,0,381511,121,0
272,WA,53,33,53033,6702,1,530330067021,1337,26740,0.05,1155,23100,309.3769389,325,36,0.04724345,578.3027235,0,7360,120,2
273,WA,53,33,53033,6702,2,530330067022,1068,53400,0.02,1064,53200,324.8821206,644.9278908,16,0.02468241,92864.49975,759,522805,13,0
274,WA,53,33,53033,6702,3,530330067023,1096,21920,0.05,1037,20740,311.0563509,361,43,0.04574168,11676.26915,0,113702,98,0
275,WA,53,33,53033,6703,1,530330067031,1061,10610,0.1,1042,10420,351.2013881,1219,69,0.10375544,4904.71212,-868,65531,308,1
276,WA,53,33,53033,6703,2,530330067032,1047,14957.1,0.07,1011,14442.9,407.3462888,823.8165073,30,0.06705328,8.5674378,0,425,116,1
277,WA,53,33,53033,6703,3,530330067033,1216,20266.7,0.06,1206,20100,352.0050708,696.955755,41,0.05974043,43.0270316,0,3024,165,1
278,WA,53,33,53033,6800,1,530330068001,1291,12910,0.1,1247,12470,294.4072344,452,74,0.09987396,4204.776378,0,50885,361,0
279,WA,53,33,53033,6800,2,530330068002,1073,13412.5,0.08,1070,13375,349.6878401,454.5829271,47,0.08293079,1909.60716,0,36771,307,1
280,WA,53,33,53033,6800,3,530330068003,1019,11322.2,0.09,1024,11377.8,399.4545219,670,42,0.09445505,10819.07293,0,105308,260,3
281,WA,53,33,53033,6900,1,530330069001,1621,18011.1,0.09,1527,16966.7,464.3968704,670,54,0.09438408,110.6790613,-419,6730,355,2
282,WA,53,33,53033,6900,2,530330069002,1637,13641.7,0.12,1620,13500,402.5238117,658,50,0.12296202,225.2375619,0,11324,491,1
283,WA,53,33,53033,6900,3,530330069003,1566,12046.2,0.13,1551,11930.8,358.017782,798,90,0.1321286,5.73525981,0,2700,339,2
284,WA,53,33,53033,7001,1,530330070011,1382,17275,0.08,1341,16762.5,330.2320529,648,51,0.08264712,2432.628725,0,32691,166,3
285,WA,53,33,53033,7001,2,530330070012,1350,45000,0.03,1293,43100,400.2734733,637.8623621,11,0.02671213,0,0,0,44,0
286,WA,53,33,53033,7001,3,530330070013,1129,37633.3,0.03,1123,37433.3,360.1972669,527.8156919,19,0.0289842,52094.22266,0,253091,35,0
287,WA,53,33,53033,7002,1,530330070021,1278,31950,0.04,1271,31775,281.4572818,480,44,0.04486578,415.8332903,-3867,6149,97,1
288,WA,53,33,53033,7002,2,530330070022,1323,18900,0.07,1312,18742.9,344.9470262,695.880073,56,0.07415325,1079.735362,0,34290,172,1
289,WA,53,33,53033,7002,3,530330070023,1660,33200,0.05,1398,27960,313.899825,327,40,0.05127115,12259.66825,0,90583,94,2
290,WA,53,33,53033,7101,1,530330071011,1708,42700,0.04,1635,40875,350.8619395,426,25,0.03886951,14409.73445,0,84210,60,1
291,WA,53,33,53033,7101,2,530330071012,1832,12213.3,0.15,1586,10573.3,384.9263827,644,60,0.15226199,242838.4232,0,945289,47,2
292,WA,53,33,53033,7102,1,530330071021,1349,13490,0.1,1345,13450,401.0983631,976,46,0.09901032,94939.85386,0,328173,77,0
293,WA,53,33,53033,7102,2,530330071022,1355,45166.7,0.03,1316,43866.7,361.6666694,477,19,0.03068944,37668.42458,0,181456,39,0
294,WA,53,33,53033,7201,1,530330072011,1777,88850,0.02,1752,87600,426.7279407,769.288857,20,0.02402515,46000.77635,0,212210,18,0
295,WA,53,33,53033,7201,2,530330072012,1117,55850,0.02,1108,55400,272.1788183,353,32,0.01923191,17973.75934,0,126370,22,1
296,WA,53,33,53033,7201,3,530330072013,2400,240000,0.01,1786,178600,343.3253084,536.1831953,23,0.01494695,40134.87874,0,144118,6,0
297,WA,53,33,53033,7202,1,530330072021,1487,74350,0.02,1473,73650,369.4873402,426,22,0.0249037,70060.52321,-7561,412889,35,0
298,WA,53,33,53033,7202,2,530330072022,1357,33925,0.04,808,20200,337.4401997,426,26,0.03690366,302245.2179,0,997378,34,2
299,WA,53,33,53033,7202,3,530330072023,1893,37860,0.05,1867,37340,327.3809036,426,39,0.04652657,427217.1716,0,1124950,27,3
300,WA,53,33,53033,7203,1,530330072031,1762,16018.2,0.11,1750,15909.1,346.7652843,485,50,0.11475329,126513.9572,0,613381,76,4
301,WA,53,33,53033,7203,2,530330072032,1857,16881.8,0.11,1671,15190.9,493.7661782,1328.620276,74,0.10904057,199916.1174,0,701790,50,1
302,WA,53,33,53033,7301,1,530330073011,1556,31120,0.05,1538,30760,441.9066928,1108.29452,36,0.04792242,52616.60723,0,226301,27,3
303,WA,53,33,53033,7301,2,530330073012,1242,62100,0.02,1220,61000,354.5725124,423,16,0.02176654,10093.77794,0,73096,22,0
304,WA,53,33,53033,7301,3,530330073013,990,33000,0.03,978,32600,707.3876547,1464.015712,20,0.02713667,44938.65823,0,106466,14,0
305,WA,53,33,53033,7302,1,530330073021,1183,39433.3,0.03,1176,39200,323.0672296,443.602056,26,0.03204064,346826.3115,0,1062251,22,2
306,WA,53,33,53033,7302,2,530330073022,2325,33214.3,0.07,2029,28985.7,371.1784229,921.9709515,61,0.06619454,223506.6212,0,717085,46,3
307,WA,53,33,53033,7302,3,530330073023,2103,105150,0.02,2085,104250,341.9291393,473,20,0.02261714,118150.5863,-5270,525337,17,3
308,WA,53,33,53033,7303,1,530330073031,1537,25616.7,0.06,1440,24000,359.2712452,490,34,0.05926133,196797.4318,0,424788,27,4
309,WA,53,33,53033,7303,2,530330073032,1807,60233.3,0.03,1412,47066.7,385.1954403,428,16,0.03228807,158144.1332,-12227,811520,13,0
310,WA,53,33,53033,7303,3,530330073033,1033,34433.3,0.03,1028,34266.7,364.1530642,426,17,0.02949765,201026.1396,0,571329,17,0
311,WA,53,33,53033,7403,1,530330074031,1368,68400,0.02,1306,65300,277.7786608,418.4930169,21,0.01983375,5997.951225,-2016,26390,31,2
312,WA,53,33,53033,7403,2,530330074032,1262,42066.7,0.03,1239,41300,331.8556034,420,20,0.02593897,18188.75107,0,110949,59,2
313,WA,53,33,53033,7404,1,530330074041,1522,50733.3,0.03,1509,50300,364.6785768,703.4424005,20,0.02766505,186.6137039,0,5420,52,2
314,WA,53,33,53033,7404,2,530330074042,1295,43166.7,0.03,1290,43000,712.7273949,1112.776169,22,0.03168976,10.15374967,0,608,54,1
315,WA,53,33,53033,7405,1,530330074051,1426,47533.3,0.03,1421,47366.7,328.1093332,465,25,0.030274,6829.13285,-2400,44881.91528,56,3
316,WA,53,33,53033,7405,2,530330074052,1383,69150,0.02,1380,69000,319.3664812,508.6803061,20,0.02062363,660.3031926,-1232,6873,54,1
317,WA,53,33,53033,7406,1,530330074061,1293,43100,0.03,1220,40666.7,337.1996575,453.2007632,32,0.03121398,1846.219567,-196,21840,63,2
318,WA,53,33,53033,7406,2,530330074062,1372,45733.3,0.03,1369,45633.3,619.9179752,1161.323978,28,0.02702496,1082.352619,0,9533,31,4
319,WA,53,33,53033,7501,1,530330075011,1298,43266.7,0.03,1286,42866.7,298.489864,424.7071036,31,0.03448419,2752.595686,0,23428,106,0
320,WA,53,33,53033,7501,2,530330075012,1314,32850,0.04,1233,30825,339.960489,419,27,0.03858777,1458.598102,-1088,26440,124,1
321,WA,53,33,53033,7501,3,530330075013,1415,35375,0.04,1396,34900,307.2673958,424.500525,30,0.04209311,6074.104137,0,42536,93,3
322,WA,53,33,53033,7502,1,530330075021,1146,38200,0.03,1131,37700,377.7369649,426,17,0.03104479,6866.237858,-634,89180,72,0
323,WA,53,33,53033,7502,2,530330075022,1382,34550,0.04,1344,33600,361.5911984,427.6574836,22,0.03638234,1067.661112,-3342,11482,99,1
324,WA,53,33,53033,7502,3,530330075023,1396,27920,0.05,999,19980,392.8458925,849.1922877,26,0.05455408,16697.16708,0,131428,54,3
325,WA,53,33,53033,7503,1,530330075031,1311,26220,0.05,1252,25040,337.9249376,622,37,0.04635259,20411.29943,-716,100528,72,9
326,WA,53,33,53033,7503,2,530330075032,1461,48700,0.03,1208,40266.7,324.2833916,440.3907086,22,0.02606033,7877.077586,0,23040,40,5
327,WA,53,33,53033,7600,1,530330076001,1399,19985.7,0.07,1358,19400,335.2912037,439.5416994,43,0.06587451,861.8575427,0,16550,227,1
328,WA,53,33,53033,7600,2,530330076002,1671,20887.5,0.08,1552,19400,380.5585099,663,48,0.08242,12995.99362,0,94620,215,1
329,WA,53,33,53033,7600,3,530330076003,1470,21000,0.07,1434,20485.7,368.247545,577,41,0.07250677,48489.9472,-3192,360195,188,1
330,WA,53,33,53033,7700,1,530330077001,1337,8913.3,0.15,1326,8840,378.5716812,908.8531066,87,0.15267916,362.0347095,0,15980,546,1
331,WA,53,33,53033,7700,2,530330077002,1116,12400,0.09,1110,12333.3,413.6090336,1098.908031,49,0.08987626,1019.418072,0,30234,336,2
332,WA,53,33,53033,7700,3,530330077003,1353,15033.3,0.09,1305,14500,370.1183365,451,44,0.09367418,135.2676917,0,6946,337,3
333,WA,53,33,53033,7700,4,530330077004,1684,24057.1,0.07,1649,23557.1,388.7192487,666,39,0.07238713,1046.812268,0,26321,238,0
334,WA,53,33,53033,7800,1,530330078001,1290,4161.3,0.31,1284,4141.9,617.2666937,1840.209344,132,0.31062141,2117.795114,0,58654,603,4
335,WA,53,33,53033,7800,2,530330078002,1545,8131.6,0.19,1541,8110.5,385.5519032,1378.14596,122,0.18897813,548.7359091,-2000,21850,608,1
336,WA,53,33,53033,7800,3,530330078003,1180,9833.3,0.12,1160,9666.7,416.1048691,1150.638549,69,0.12055695,1721.509401,0,68775,430,3
337,WA,53,33,53033,7800,4,530330078004,1304,6863.2,0.19,1300,6842.1,422.0929036,1062.579758,94,0.18976277,7474.384953,0,104323,530,1
338,WA,53,33,53033,7901,1,530330079011,1391,34775,0.04,1376,34400,341.9075732,431,28,0.04042926,2419.831157,-2700,31279,57,1
339,WA,53,33,53033,7901,2,530330079012,1445,24083.3,0.06,1431,23850,366.404735,498,34,0.06276068,14897.66552,0,80004,119,2
340,WA,53,33,53033,7902,1,530330079021,1144,38133.3,0.03,1096,36533.3,368.3766227,533.4802624,23,0.0329106,10785.34397,0,55177,59,1
341,WA,53,33,53033,7902,2,530330079022,1337,22283.3,0.06,1324,22066.7,571.0443146,862.7288128,21,0.05904481,7719.102123,0,59690,175,0
342,WA,53,33,53033,7902,3,530330079023,1265,18071.4,0.07,1262,18028.6,585.832797,1060.015979,30,0.07452125,791.5183396,0,16446,301,1
343,WA,53,33,53033,8002,1,530330080021,1359,67950,0.02,1347,67350,390.4838296,488.4095843,18,0.01982211,87353.30012,-5877,237977,24,3
344,WA,53,33,53033,8002,2,530330080022,1435,28700,0.05,1393,27860,398.6845905,732.2631595,23,0.04602467,57312.68417,-2700,252463.5872,35,3
345,WA,53,33,53033,8002,3,530330080023,1843,92150,0.02,1679,83950,561.4678217,981.7647849,18,0.02462528,16108.58001,-2467,155500,40,2
346,WA,53,33,53033,8003,1,530330080031,1428,47600,0.03,1417,47233.3,349.3017495,426,19,0.02676269,9210.178205,-905,57800,43,9
347,WA,53,33,53033,8003,2,530330080032,1572,78600,0.02,1468,73400,312.0140381,322,17,0.02121954,26255.18233,0,78679,22,0
348,WA,53,33,53033,8003,3,530330080033,1353,45100,0.03,1234,41133.3,296.5131398,433,32,0.0281493,67602.5958,0,273863,21,0
349,WA,53,33,53033,8004,1,530330080041,1363,136300,0.01,1307,130700,312.4101206,320.5198644,13,0.01422953,9510.740437,0,48505,14,0
350,WA,53,33,53033,8004,2,530330080042,961,48050,0.02,956,47800,359.8679539,608,14,0.01990608,105763.4171,0,350310,15,1
351,WA,53,33,53033,8004,3,530330080043,1156,14450,0.08,1147,14337.5,640.6969562,943.3414349,13,0.07556006,60717.46564,0,218428.5662,24,1
352,WA,53,33,53033,8101,1,530330081011,896,22400,0.04,871,21775,492.1549982,1371,31,0.03805821,37061.80309,0,146338,28,10
353,WA,53,33,53033,8101,2,530330081012,1352,67600,0.02,1032,51600,517.3408181,969.042815,20,0.02269806,399803.3318,0,1452228,24,1
354,WA,53,33,53033,8101,3,530330081013,909,22725,0.04,905,22625,364.6640746,645.0293354,24,0.04342952,105395.6632,0,734127,24,2
355,WA,53,33,53033,8102,1,530330081021,1674,16740,0.1,1521,15210,341.5403858,428,64,0.10047242,742328.0295,0,2488825.012,66,5
356,WA,53,33,53033,8102,2,530330081022,1491,13554.5,0.11,1484,13490.9,396.5124764,1307.94893,83,0.11428557,195629.78,-3700,1632820,83,9
357,WA,53,33,53033,8200,1,530330082001,1894,21044.4,0.09,1878,20866.7,479.6829863,1632.306542,71,0.09352232,493118.3056,0,1217984,48,6
358,WA,53,33,53033,8200,2,530330082002,1377,45900,0.03,1369,45633.3,460.7861761,984.0842769,30,0.02672933,38942.17567,0,205148,15,1
359,WA,53,33,53033,8200,3,530330082003,1583,79150,0.02,1555,77750,949.5864696,1496.334246,17,0.02486181,19552.35738,0,109550,12,1
360,WA,53,33,53033,8300,1,530330083001,2101,42020,0.05,2063,41260,317.8731269,426,31,0.04741682,214290.2804,0,939398,34,2
361,WA,53,33,53033,8300,2,530330083002,1359,33975,0.04,1354,33850,514.7747769,1095.42598,36,0.0444578,13688.79353,0,128375,24,2
362,WA,53,33,53033,8401,1,530330084011,992,33066.7,0.03,989,32966.7,361.866744,427,18,0.03386198,74768.21816,0,171598.0847,28,3
363,WA,53,33,53033,8401,2,530330084012,1280,64000,0.02,1168,58400,311.8443173,432,19,0.01908459,1193.393236,0,12210,19,1
364,WA,53,33,53033,8401,3,530330084013,1319,32975,0.04,1312,32800,326.3045743,643,36,0.04392559,442897.3488,0,1097689,22,0
365,WA,53,33,53033,8402,1,530330084021,1081,54050,0.02,1075,53750,328.1271496,410.7555416,19,0.02075364,6776.609314,0,27600,39,3
366,WA,53,33,53033,8402,2,530330084022,934,46700,0.02,909,45450,304.2636848,478.6229915,23,0.01704892,7115.920037,0,19737,24,5
367,WA,53,33,53033,8402,3,530330084023,1044,52200,0.02,1028,51400,302.3895389,419.1622012,26,0.01836166,10752.61729,0,38845,29,2
368,WA,53,33,53033,8500,1,530330085001,1654,27566.7,0.06,1305,21750,424.4121256,899.7582357,59,0.06012249,172909.4113,-5297,1195387,38,0
369,WA,53,33,53033,8500,2,530330085002,1989,33150,0.06,1973,32883.3,322.9930568,612,43,0.0584601,124643.3283,0,506256,28,1
370,WA,53,33,53033,8500,3,530330085003,1262,21033.3,0.06,1186,19766.7,590.6522837,1201.912398,34,0.05554326,184475.0239,0,646191.0343,16,1
371,WA,53,33,53033,8600,1,530330086001,1694,18822.2,0.09,1643,18255.6,369.6629658,675.6898474,46,0.08562914,26867.10563,0,159665,187,1
372,WA,53,33,53033,8600,2,530330086002,2128,23644.4,0.09,2113,23477.8,358.4526207,742,54,0.08739551,57786.56088,0,237533,144,1
373,WA,53,33,53033,8600,3,530330086003,2394,34200,0.07,2405,34357.1,332.5118838,583,32,0.07442711,217471.3948,0,496466,27,1
374,WA,53,33,53033,8600,4,530330086004,1483,49433.3,0.03,1478,49266.7,315.8892081,367,21,0.02720175,4267.235273,-584,55800,50,0
375,WA,53,33,53033,8700,1,530330087001,1516,11661.5,0.13,1427,10976.9,379.1757975,675.789075,65,0.13257501,126295.4554,-708,869034,378,1
376,WA,53,33,53033,8700,2,530330087002,1309,21816.7,0.06,1284,21400,333.0266061,670.4929084,42,0.06332928,956.9268827,0,22344,208,1
377,WA,53,33,53033,8700,3,530330087003,1616,17955.6,0.09,1533,17033.3,372.3334774,672,48,0.0869022,705.9033062,0,15058,291,1
378,WA,53,33,53033,8800,1,530330088001,1445,11115.4,0.13,1428,10984.6,407.5012614,610,57,0.12753084,1658.145962,0,27312,507,1
379,WA,53,33,53033,8800,2,530330088002,1338,8362.5,0.16,1301,8131.3,424.5804451,718.5484253,71,0.15594792,37146.80703,-1619,225111,420,3
380,WA,53,33,53033,8800,3,530330088003,1130,14125,0.08,1093,13662.5,364.6335777,691.7993867,54,0.08276334,345.0827191,0,8418,307,1
381,WA,53,33,53033,8900,1,530330089001,1291,7594.1,0.17,1280,7529.4,504.8019377,1869,89,0.1693546,1.88842103,0,1504,387,1
382,WA,53,33,53033,8900,2,530330089002,1493,12441.7,0.12,1449,12075,408.565128,1231,72,0.117692,936.0041019,0,14990,413,0
383,WA,53,33,53033,8900,3,530330089003,2491,22645.5,0.11,1441,13100,340.1487666,629,80,0.11351323,6524.987787,0,47991,312,1
384,WA,53,33,53033,8900,4,530330089004,1459,16211.1,0.09,1455,16166.7,354.7607336,599,54,0.0897809,5145.907874,0,66402,330,0
385,WA,53,33,53033,9000,1,530330090001,1580,10533.3,0.15,1533,10220,475.7419774,1102,77,0.15478245,22963.06243,-891,200445,240,2
386,WA,53,33,53033,9000,2,530330090002,1633,23328.6,0.07,1613,23042.9,414.7844843,640.0523898,39,0.06618702,3494.444114,0,19033,135,1
387,WA,53,33,53033,9000,3,530330090003,1163,10572.7,0.11,1138,10345.5,354.2656913,693,50,0.10950276,20685.71155,0,123750,179,2
388,WA,53,33,53033,9100,1,530330091001,1902,15850,0.12,1292,10766.7,680.9654895,2439.160492,68,0.11605373,13583.73818,-840,195993,97,6
389,WA,53,33,53033,9100,2,530330091002,1969,49225,0.04,1643,41075,318.5828303,618.8666722,30,0.04250518,22274.09285,-2693,66772,47,3
390,WA,53,33,53033,9200,1,530330092001,2016,40320,0.05,1760,35200,674.3553275,1372.691079,33,0.051512,14181.3997,0,143508,50,1
391,WA,53,33,53033,9200,2,530330092002,1618,20225,0.08,1614,20175,387.985721,882.8365291,54,0.07903999,18401.96186,-1440,188816,101,7
392,WA,53,33,53033,9300,1,530330093001,1041,3589.7,0.29,917,3162.1,1160.146804,3419.260406,105,0.29233507,80160.75316,0,159164,111,1
393,WA,53,33,53033,9300,2,530330093002,1488,1730.2,0.86,1435,1668.6,1247.145312,2928,127,0.86028038,217725.5791,0,1491000,140,3
394,WA,53,33,53033,9300,3,530330093003,1275,512,2.49,1259,505.6,1015.330203,5104.43607,510,2.49149357,84025.41838,0,604199.1576,1097,7
395,WA,53,33,53033,9400,1,530330094001,1288,21466.7,0.06,1233,20550,315.7776957,566,37,0.05853872,38.93990725,0,3410,162,0
396,WA,53,33,53033,9400,2,530330094002,1643,8647.4,0.19,1471,7742.1,358.6555025,745.347579,115,0.18969957,4276.934956,0,52490,431,0
397,WA,53,33,53033,9400,3,530330094003,1411,14110,0.1,1266,12660,335.5029538,716.5455616,59,0.09876598,2678.60811,0,52335,276,1
398,WA,53,33,53033,9400,4,530330094004,1405,7025,0.2,1369,6845,962.1509751,2567,94,0.19889926,7295.014113,0,70728,254,1
399,WA,53,33,53033,9400,5,530330094005,1289,11718.2,0.11,1227,11154.5,864.1861774,2330,37,0.10515883,44810.36592,0,259271,191,3
400,WA,53,33,53033,9500,1,530330095001,1715,6351.9,0.27,1704,6311.1,633.6267013,2561,132,0.26585023,137.1053663,-4352,15230,654,2
401,WA,53,33,53033,9500,2,530330095002,1936,6453.3,0.3,1861,6203.3,581.0946511,2147.78548,161,0.2988011,32900.51624,-390,201590,541,5
402,WA,53,33,53033,9500,3,530330095003,1496,5753.8,0.26,1435,5519.2,812.8921253,3680,116,0.26155094,1901.262072,0,56623.24959,563,2
403,WA,53,33,53033,9500,4,530330095004,1769,9827.8,0.18,1747,9705.6,458.3427131,1102,81,0.1767177,60352.80325,0,291940,356,0
404,WA,53,33,53033,9600,1,530330096001,1530,7650,0.2,1523,7615,422.698754,1005,84,0.19733912,1206.579886,-520,30899,493,3
405,WA,53,33,53033,9600,2,530330096002,1524,6096,0.25,1426,5704,2206.209201,5898.0209,57,0.25185085,350.9142837,0,29256,382,2
406,WA,53,33,53033,9600,3,530330096003,1481,9256.3,0.16,1461,9131.3,514.031025,1466.019797,75,0.16190093,192.3440622,0,18894,491,0
407,WA,53,33,53033,9600,4,530330096004,1493,12441.7,0.12,1437,11975,390.5589643,657.5041957,60,0.12403556,1053.34984,0,42840,359,0
408,WA,53,33,53033,9701,1,530330097011,1424,10953.8,0.13,1413,10869.2,564.0402378,1005,36,0.12665324,1805.571449,0,33446,354,0
409,WA,53,33,53033,9701,2,530330097012,1630,6037,0.27,1617,5988.9,547.3235637,1827.405724,103,0.27492102,0.24957025,0,956,602,1
410,WA,53,33,53033,9701,3,530330097013,1466,10471.4,0.14,1458,10414.3,1049.26049,3404.581846,46,0.13840596,1603.123228,0,60580,311,2
411,WA,53,33,53033,9701,4,530330097014,1475,8194.4,0.18,1467,8150,473.7605552,1301.686614,78,0.17769712,117.1921072,0,22128,519,0
412,WA,53,33,53033,9702,1,530330097021,1496,8800,0.17,1485,8735.3,494.6313523,696,60,0.17135131,14361.80481,0,132295,488,0
413,WA,53,33,53033,9702,2,530330097022,1436,4951.7,0.29,1428,4924.1,472.787415,1156,80,0.29468762,1912.290635,0,39199,577,2
414,WA,53,33,53033,9702,3,530330097023,1549,7376.2,0.21,1486,7076.2,551.1154943,1308.009944,66,0.20627802,4503.26658,0,94294,615,1
415,WA,53,33,53033,9702,4,530330097024,1523,8015.8,0.19,1512,7957.9,481.3858971,695.2566568,72,0.1850162,0,0,0,559,1
416,WA,53,33,53033,9801,1,530330098011,1169,8350,0.14,975,6964.3,505.4349523,1027.7603,49,0.14434276,33131.34134,0,197000,273,3
417,WA,53,33,53033,9801,2,530330098012,1426,10185.7,0.14,1419,10135.7,509.2998981,893,52,0.13670715,0,0,0,531,0
418,WA,53,33,53033,9801,3,530330098013,1455,13227.3,0.11,1452,13200,540.8840871,893,42,0.10686042,638.3363079,0,28304,403,3
419,WA,53,33,53033,9802,1,530330098021,1131,8700,0.13,1105,8500,411.390441,685,67,0.12556587,194.4376318,0,7000,398,0
420,WA,53,33,53033,9802,2,530330098022,1268,9753.8,0.13,1188,9138.5,509.1476777,674,45,0.12537447,4450.677601,0,53476,357,0
421,WA,53,33,53033,9802,3,530330098023,1234,11218.2,0.11,1230,11181.8,431.519832,685.4309783,50,0.10515343,1256.36813,0,35864,323,4
422,WA,53,33,53033,9900,1,530330099001,1409,8806.3,0.16,1336,8350,782.2700015,2373,87,0.16485703,1428.043887,0,98475,439,0
423,WA,53,33,53033,9900,2,530330099002,1639,4202.6,0.39,1595,4089.7,806.8850197,1315.907079,31,0.39463569,2360.826293,0,6408,201,0
424,WA,53,33,53033,9900,3,530330099003,1890,4609.8,0.41,1821,4441.5,610.0101365,1954,103,0.41102972,10638.29869,0,114550,808,1
425,WA,53,33,53033,9900,4,530330099004,1524,970.7,1.57,1505,958.6,1162.474503,3551.119121,206,1.56733151,90449.29603,0,687100,550,5
426,WA,53,33,53033,10001,1,530330100011,1588,4071.8,0.39,1196,3066.7,661.8262114,2949.439232,114,0.386679,12900.29353,0,64986,453,0
427,WA,53,33,53033,10001,2,530330100012,1604,4582.9,0.35,1613,4608.6,810.0231746,3350.525608,85,0.34635476,219558.8597,0,806273,380,3
428,WA,53,33,53033,10001,3,530330100013,1985,11676.5,0.17,1717,10100,557.1521578,1721.190752,65,0.16571786,1723.350612,0,55188,155,0
429,WA,53,33,53033,10002,1,530330100021,1503,13663.6,0.11,1531,13918.2,325.6225913,665,82,0.10620487,130.2638955,0,6479,425,0
430,WA,53,33,53033,10002,2,530330100022,1559,14172.7,0.11,1541,14009.1,333.9621587,726.7560089,65,0.10978135,1140.313244,0,21603,326,1
431,WA,53,33,53033,10002,3,530330100023,1916,12773.3,0.15,1789,11926.7,326.7185881,732.5822922,121,0.15004448,1746.27519,0,35036,531,0
432,WA,53,33,53033,10101,1,530330101011,1206,15075,0.08,1203,15037.5,415.109959,745.9056505,34,0.08157935,11709.90028,0,87576,189,2
433,WA,53,33,53033,10101,2,530330101012,1711,19011.1,0.09,1707,18966.7,419.4014463,1007.488652,39,0.09035649,4141.961606,0,40265,164,0
434,WA,53,33,53033,10101,3,530330101013,1421,8881.3,0.16,1418,8862.5,425.7647328,902,89,0.16458938,6415.757673,0,28425,497,3
435,WA,53,33,53033,10102,1,530330101021,1442,4120,0.35,1441,4117.1,484.7217378,1149,106,0.35300271,203.6514183,0,5146,602,1
436,WA,53,33,53033,10102,2,530330101022,1509,7545,0.2,1473,7365,509.0498839,1018,91,0.2041292,22815.25432,0,170222,548,1
437,WA,53,33,53033,10102,3,530330101023,1550,22142.9,0.07,1468,20971.4,394.3857176,984.1071314,48,0.06959162,689.6135385,0,9306,212,1
438,WA,53,33,53033,10200,1,530330102001,1598,6392,0.25,1583,6332,491.5821282,1371,114,0.25297667,592.7847437,0,25001,666,0
439,WA,53,33,53033,10200,2,530330102002,1090,1981.8,0.55,1079,1961.8,551.4678744,1541,84,0.55184878,19642.78165,0,29358.9041,421,1
440,WA,53,33,53033,10200,3,530330102003,1203,10025,0.12,1205,10041.7,532.2602471,1110.671594,49,0.12366463,1111.933118,0,41720,424,0
441,WA,53,33,53033,10200,4,530330102004,1171,7806.7,0.15,1168,7786.7,371.2737016,819.4459915,91,0.15018908,114.5075215,0,9348,501,1
442,WA,53,33,53033,10301,1,530330103011,1234,8814.3,0.14,1221,8721.4,419.7161596,775,69,0.14152203,4877.117928,0,59331,460,1
443,WA,53,33,53033,10301,2,530330103012,1317,9407.1,0.14,1251,8935.7,575.2237703,1350.853708,51,0.14120853,14257.3803,0,168905,399,2
444,WA,53,33,53033,10301,3,530330103013,1406,14060,0.1,1378,13780,441.283914,675.8554268,42,0.10442875,5775.439286,0,53547,267,1
445,WA,53,33,53033,10302,1,530330103021,1440,20571.4,0.07,1395,19928.6,480.1712221,753.8629728,18,0.06527174,6141.190881,-858,31243,128,1
446,WA,53,33,53033,10302,2,530330103022,1281,16012.5,0.08,1188,14850,532.4797147,740.5797441,27,0.08280505,4413.731471,0,56806,225,4
447,WA,53,33,53033,10302,3,530330103023,1327,13270,0.1,1184,11840,504.7231959,902.1050767,43,0.0959859,1685.718364,-3191,14834,264,3
448,WA,53,33,53033,10401,1,530330104011,1269,7050,0.18,1236,6866.7,460.7867523,1312,97,0.17980007,28.30906109,0,3850,478,0
449,WA,53,33,53033,10401,2,530330104012,1722,6888,0.25,1718,6872,454.5510799,1390,116,0.24555521,3238.449958,0,37132,602,1
450,WA,53,33,53033,10401,3,530330104013,1596,7980,0.2,1560,7800,557.0487509,1556,72,0.20393697,1867.381179,0,41262,493,1
451,WA,53,33,53033,10402,1,530330104021,1493,6220.8,0.24,1457,6070.8,828.2378922,2441,97,0.2416888,25510.90818,0,249285,468,2
452,WA,53,33,53033,10402,2,530330104022,1267,7038.9,0.18,1258,6988.9,648.4900412,1397.989212,68,0.18276588,83.7428725,0,12050,466,0
453,WA,53,33,53033,10402,3,530330104023,997,9063.6,0.11,990,9000,462.0887155,838.8844235,63,0.11242145,1198.861777,0,23388,335,0
454,WA,53,33,53033,10402,4,530330104024,1398,9985.7,0.14,1392,9942.9,391.5093769,720.8985253,73,0.13606141,1574.805093,0,23854,434,0
455,WA,53,33,53033,10501,1,530330105011,2076,29657.1,0.07,1869,26700,593.9102941,1283.498054,20,0.07057381,8095.735301,0,70792,158,1
456,WA,53,33,53033,10501,2,530330105012,1540,11000,0.14,1524,10885.7,566.9350815,1326,38,0.13883626,31628.76966,0,217603,365,0
457,WA,53,33,53033,10501,3,530330105013,1397,17462.5,0.08,1385,17312.5,404.4468056,667.0401371,42,0.07708642,9419.183889,0,51835,152,2
458,WA,53,33,53033,10502,1,530330105021,1293,10775,0.12,1247,10391.7,497.321324,740,47,0.11815486,945.8767854,0,22180,354,4
459,WA,53,33,53033,10502,2,530330105022,1221,8140,0.15,1197,7980,463.1503646,994,64,0.14595329,498.7680525,0,14786,465,1
460,WA,53,33,53033,10502,3,530330105023,1303,18614.3,0.07,1301,18585.7,479.0200792,670,31,0.07371844,765.3247392,0,8819,201,1
461,WA,53,33,53033,10502,4,530330105024,1682,42050,0.04,1549,38725,548.715769,672.3078567,18,0.03897064,36759.49326,0,146819,63,3
462,WA,53,33,53033,10601,1,530330106011,1358,10446.2,0.13,1308,10061.5,489.5705416,663,46,0.1258962,79.02749084,0,4179,380,1
463,WA,53,33,53033,10601,2,530330106012,1400,10769.2,0.13,1373,10561.5,468.2588622,664.7513834,55,0.1263556,1499.181711,0,52088,351,0
464,WA,53,33,53033,10601,3,530330106013,1413,8311.8,0.17,1393,8194.1,447.140724,1023,70,0.16829196,893.3974908,0,34341,448,1
465,WA,53,33,53033,10602,1,530330106021,1440,8470.6,0.17,1411,8300,481.530806,1158,77,0.1743485,1781.072281,-1187,32807,481,2
466,WA,53,33,53033,10602,2,530330106022,1382,4765.5,0.29,1360,4689.7,866.4964771,1974,55,0.28883091,0,0,0,641,1
467,WA,53,33,53033,10602,3,530330106023,1242,10350,0.12,1220,10166.7,519.4014876,698,38,0.1170848,272.8708117,0,12120,384,0
468,WA,53,33,53033,10701,1,530330107011,1795,8975,0.2,1780,8900,563.06317,1248.062344,42,0.19639947,9422.700186,0,94713,285,0
469,WA,53,33,53033,10701,2,530330107012,1080,7200,0.15,1077,7180,783.1597752,1613.230471,27,0.15417831,1146.756602,0,45900,308,0
470,WA,53,33,53033,10701,3,530330107013,1275,6071.4,0.21,1264,6019,541.9985923,1014.747999,44,0.2135624,2494.79715,0,14417.7987,263,2
471,WA,53,33,53033,10702,1,530330107021,1190,9916.7,0.12,1187,9891.7,549.5074977,1194,33,0.11574245,0.01530689,0,4.17762058,282,0
472,WA,53,33,53033,10702,2,530330107022,1934,24175,0.08,1933,24162.5,383.8288178,664,46,0.07964588,2075.812557,0,18785.61216,43,1
473,WA,53,33,53033,10702,3,530330107023,1486,13509.1,0.11,1416,12872.7,542.1378958,698.2739342,24,0.10581295,12860.73341,0,48154,116,1
474,WA,53,33,53033,10800,1,530330108001,1536,1435.5,1.07,1529,1429,1661.740115,5353.364355,82,1.06783658,147392.8181,0,471234.9694,611,1
475,WA,53,33,53033,10800,2,530330108002,1625,5416.7,0.3,1618,5393.3,914.8978869,1416,52,0.30214465,10987.90717,0,115502,596,0
476,WA,53,33,53033,10800,3,530330108003,1970,8565.2,0.23,1916,8330.4,700.914069,1319,55,0.22944162,127.934244,0,14544,655,3
477,WA,53,33,53033,10900,1,530330109001,742,623.5,1.19,617,518.5,774.4047233,1902.466673,69,1.19293161,1444919.795,0,1758760.999,231,1
478,WA,53,33,53033,10900,2,530330109002,807,906.7,0.89,840,943.8,563.2461069,1724,246,0.88689871,106330.7491,0,585655,627,8
479,WA,53,33,53033,11001,1,530330110011,1719,19100,0.09,1562,17355.6,344.4781742,739.4729408,50,0.09116426,219.7773024,0,7773,202,0
480,WA,53,33,53033,11001,2,530330110012,1457,9106.3,0.16,1456,9100,514.5951865,1112.934557,72,0.16382263,9075.306815,0,92707,292,2
481,WA,53,33,53033,11001,3,530330110013,1764,11025,0.16,1772,11075,610.1208582,1891,83,0.16214706,1983.946996,0,38399,246,2
482,WA,53,33,53033,11002,1,530330110021,1404,3265.1,0.43,1400,3255.8,2104.784051,6794.843,86,0.42532948,8165.111218,0,66588,488,0
483,WA,53,33,53033,11002,2,530330110022,1606,13383.3,0.12,1590,13250,454.8659618,852,81,0.12426166,16.06697999,0,3752,356,0
484,WA,53,33,53033,11002,3,530330110023,1745,15863.6,0.11,1600,14545.5,581.890671,1150.384625,53,0.11435034,4341.043149,0,19269,194,1
485,WA,53,33,53033,11101,1,530330111011,2021,18372.7,0.11,1880,17090.9,526.3197182,901.4984506,35,0.11090236,6532.678108,0,67592,250,1
486,WA,53,33,53033,11101,2,530330111012,1110,18500,0.06,814,13566.7,445.513465,671,25,0.05620987,2121.12042,0,20755,99,1
487,WA,53,33,53033,11101,3,530330111013,1566,13050,0.12,1524,12700,491.8613542,769,49,0.12236589,36.46141774,0,4499,398,0
488,WA,53,33,53033,11101,4,530330111014,1656,11040,0.15,1529,10193.3,443.3534297,679,67,0.14944905,711.0275558,0,26037,451,0
489,WA,53,33,53033,11102,1,530330111021,1385,5540,0.25,1367,5468,492.7932571,1404.142457,76,0.25025278,5441.950718,0,97455.02017,477,1
490,WA,53,33,53033,11102,2,530330111022,1271,11554.5,0.11,1207,10972.7,490.4663108,717.3821106,40,0.11020417,6068.704143,0,60800,281,0
491,WA,53,33,53033,11102,3,530330111023,867,17340,0.05,802,16040,562.2333842,652.3727687,16,0.04567328,130.9016552,0,3792,123,0
492,WA,53,33,53033,11102,4,530330111024,1283,12830,0.1,1276,12760,519.12034,864.7036816,39,0.09703598,922.5678869,0,14889,272,1
493,WA,53,33,53033,11200,1,530330112001,1467,3578,0.41,1426,3478,739.6681088,1850,87,0.41283029,24547.53567,0,195000,514,4
494,WA,53,33,53033,11200,2,530330112002,1274,3538.9,0.36,1252,3477.8,691.1663302,2683,130,0.36100893,15142.79204,-1010,98024,500,3
495,WA,53,33,53033,11200,3,530330112003,1122,5905.3,0.19,1058,5568.4,700.9857951,1949.984006,57,0.18509538,55907.1897,0,206896.4701,348,2
496,WA,53,33,53033,11300,1,530330113001,2126,2592.7,0.82,2107,2569.5,1051.559223,3026,101,0.81669617,16909.77153,0,149085,513,1
497,WA,53,33,53033,11300,2,530330113002,1243,8286.7,0.15,1213,8086.7,537.9930107,1262,55,0.14787611,1049.007197,0,23706,396,0
498,WA,53,33,53033,11300,3,530330113003,1008,9163.6,0.11,995,9045.5,528.9658897,733.2959328,41,0.10695775,1426.925602,0,41777,339,0
499,WA,53,33,53033,11300,4,530330113004,1149,7660,0.15,1134,7560,480.7607465,671.356412,60,0.15262462,2852.925378,0,51600,427,1
500,WA,53,33,53033,11300,5,530330113005,1168,10618.2,0.11,1151,10463.6,520.8776031,863.8768058,41,0.11234873,2.80625602,0,1526,397,0
501,WA,53,33,53033,11401,1,530330114011,1361,9721.4,0.14,1358,9700,498.7722105,677.9541329,34,0.14158038,88717.05219,0,362508,177,0
502,WA,53,33,53033,11401,2,530330114012,1352,9657.1,0.14,1331,9507.1,477.4094582,659,39,0.14126143,2080.196707,0,37727,186,0
503,WA,53,33,53033,11401,3,530330114013,1615,8500,0.19,1537,8089.5,521.0094145,1308.533796,60,0.19328016,6.40352284,0,2400,586,0
504,WA,53,33,53033,11402,1,530330114021,1248,7341.2,0.17,1194,7023.5,508.2143442,686,51,0.16727589,142150.9166,0,406024,271,0
505,WA,53,33,53033,11402,2,530330114022,1617,13475,0.12,1493,12441.7,479.5350859,670,56,0.12391963,1802.539417,0,34380,329,3
506,WA,53,33,53033,11402,3,530330114023,1526,8976.5,0.17,1512,8894.1,622.3206215,1331.872906,46,0.16681671,2330.944833,0,51422,396,1
507,WA,53,33,53033,11500,1,530330115001,1377,6557.1,0.21,1372,6533.3,513.1548938,666,68,0.21390173,1721.566094,0,44324,591,0
508,WA,53,33,53033,11500,2,530330115002,1573,7490.5,0.21,1540,7333.3,501.8736868,847,74,0.20545918,225.8520828,0,16039,604,1
509,WA,53,33,53033,11500,3,530330115003,1572,9247.1,0.17,1540,9058.8,471.7540583,666,75,0.17461899,1257.377759,0,42536,564,0
510,WA,53,33,53033,11601,1,530330116011,1932,6662.1,0.29,1918,6613.8,476.4566095,1104,112,0.29300012,0,0,0,833,0
511,WA,53,33,53033,11601,2,530330116012,1679,5416.1,0.31,1637,5280.6,468.7563556,878,100,0.30694736,2237.032605,0,50090,626,4
512,WA,53,33,53033,11602,1,530330116021,1038,6920,0.15,1033,6886.7,703.7683014,1475.415513,52,0.15176621,0,0,0,406,0
513,WA,53,33,53033,11602,2,530330116022,1106,8507.7,0.13,1097,8438.5,551.5025698,702,49,0.12608729,0,0,0,457,0
514,WA,53,33,53033,11602,3,530330116023,1209,3555.9,0.34,1191,3502.9,480.3211758,1352.117712,63,0.338992,4823.686188,0,16014,378,2
515,WA,53,33,53033,11700,1,530330117001,1670,7952.4,0.21,1634,7781,490.3443469,1302,90,0.21165886,318.4238898,0,12073,450,0
516,WA,53,33,53033,11700,2,530330117002,1462,2358.1,0.62,1442,2325.8,2559.358548,7739.430652,91,0.6184031,12085.18857,0,123100,614,1
517,WA,53,33,53033,11700,3,530330117003,1591,7955,0.2,1401,7005,442.5306817,853,92,0.19637301,0,0,0,497,0
518,WA,53,33,53033,11700,4,530330117004,1066,3230.3,0.33,1180,3575.8,818.8001718,2170.788271,67,0.33103975,34160.89034,0,338493.9912,468,0
519,WA,53,33,53033,11801,1,530330118011,1578,9862.5,0.16,1327,8293.8,466.6347502,1063,63,0.16338064,30.06938546,0,3261,389,1
520,WA,53,33,53033,11801,2,530330118012,1192,10836.4,0.11,1137,10336.4,470.0382579,915,47,0.11051924,257.0527162,0,11368,359,0
521,WA,53,33,53033,11801,3,530330118013,1339,7876.5,0.17,1330,7823.5,493.091968,1043.79219,47,0.17432549,66416.47923,0,179362,218,1
522,WA,53,33,53033,11802,1,530330118021,1405,7805.6,0.18,1348,7488.9,505.0812413,998,66,0.18103443,1841.947272,0,70640,535,0
523,WA,53,33,53033,11802,2,530330118022,1446,11123.1,0.13,1378,10600,505.2003574,931,62,0.12795126,329.8953197,0,11442,294,0
524,WA,53,33,53033,11802,3,530330118023,1554,11953.8,0.13,1497,11515.4,555.2821981,1166.494387,47,0.13101301,10749.44698,0,67450,183,1
525,WA,53,33,53033,11901,1,530330119011,1351,4825,0.28,1322,4721.4,630.4864511,1436.525195,59,0.28119376,3117.804586,0,33420,423,0
526,WA,53,33,53033,11901,2,530330119012,1109,6931.3,0.16,1105,6906.3,515.356063,901,46,0.16486924,52.19263058,0,8258,401,0
527,WA,53,33,53033,11901,3,530330119013,1298,6490,0.2,1291,6455,562.0470951,1274,56,0.20354175,2992.13489,0,34408,435,0
528,WA,53,33,53033,11902,1,530330119021,1330,8866.7,0.15,1317,8780,487.4388764,718,52,0.15338419,0,0,0,496,0
529,WA,53,33,53033,11902,2,530330119022,1329,4582.8,0.29,1317,4541.4,688.658965,1470,62,0.28763778,55.05765399,0,7518,544,1
530,WA,53,33,53033,11902,3,530330119023,1239,7288.2,0.17,1235,7264.7,414.9518739,909,78,0.16926742,0,0,0,471,0
531,WA,53,33,53033,12000,1,530330120001,1235,6861.1,0.18,1184,6577.8,557.4306363,1071,69,0.17997632,1283.852489,0,47653,512,0
532,WA,53,33,53033,12000,2,530330120002,1237,6185,0.2,1221,6105,494.1863058,739,78,0.19641462,6677.621065,0,78972,505,0
533,WA,53,33,53033,12000,3,530330120003,1160,6444.4,0.18,1155,6416.7,569.2662423,1174,46,0.17846365,22.903858,0,5631,470,0
534,WA,53,33,53033,12100,1,530330121001,1188,3600,0.33,1180,3575.8,942.665287,3072,50,0.33340101,0,0,0,540,1
535,WA,53,33,53033,12100,2,530330121002,1618,4758.8,0.34,1613,4744.1,616.3059776,1375,83,0.33765635,47.74978086,0,1535,687,1
583,WA,53,33,53033,26500,1,530330265001,1739,4241.5,0.41,1629,3973.2,1538.106255,2668.501334,20,0.41130437,12369.43229,0,54350,37,1