OBJECTID,State Abbreviation,State FIPS Code,County FIPS Code,State and County FIPS Code,Tract FIPS Code,Block Group FIPS Code,FIPS Code,2022 Total Population,Persons per square mile,Area in square miles,2020 Total Population,2020 Population Density,Mean Year Built,Minimum Year Built,Maximum Year Built,Standard Deviation Year Built,Summarized Area in Square Miles,Count of Polygons,Area in Square Miles,Count of Points,Tract Gini,Tract Gini Margin Error
1,WA,53,33,53033,101,1,530330001011,1266,21100,0.06,1249,20816.7,1974.49723,1910,2021,30.4122471,0.04140279,108,0.05564967,0,0.4933,0.1529
2,WA,53,33,53033,101,2,530330001012,1403,35075,0.04,1398,34950,1763.15212,0,2012,640.468874,0.03289738,49,0.04004576,1,0.4933,0.1529
3,WA,53,33,53033,101,3,530330001013,1123,18716.7,0.06,1112,18533.3,1876.51346,0,2021,432.43561,0.04806435,93,0.06447776,0,0.4933,0.1529
4,WA,53,33,53033,102,1,530330001021,1391,3974.3,0.35,1385,3957.1,1700.12661,0,2019,651.179426,0.28142164,599,0.34512041,1,0.5372,0.0649
5,WA,53,33,53033,102,2,530330001022,1245,7323.5,0.17,1237,7276.5,1897.80209,0,2021,349.853697,0.13847984,381,0.16866127,1,0.5372,0.0649
6,WA,53,33,53033,102,3,530330001023,1754,29233.3,0.06,1699,28316.7,1688.88166,0,2022,722.155023,0.0493849,69,0.06349113,2,0.5372,0.0649
7,WA,53,33,53033,201,1,530330002011,1296,3600,0.36,1289,3580.6,1953.25457,0,2018,190.681841,0.32548407,160,0.35615889,1,0.5556,0.1044
8,WA,53,33,53033,201,2,530330002012,1796,9452.6,0.19,1698,8936.8,1947.71461,0,2022,207.322908,0.15113121,350,0.18856775,0,0.5556,0.1044
9,WA,53,33,53033,201,3,530330002013,1441,9606.7,0.15,1429,9526.7,1714.08257,0,2019,653.780269,0.12386009,295,0.15288979,0,0.5556,0.1044
10,WA,53,33,53033,202,1,530330002021,1292,6800,0.19,1289,6784.2,1941.50371,0,2022,182.548624,0.14463584,497,0.19114485,0,0.3571,0.0415
11,WA,53,33,53033,202,2,530330002022,1498,7884.2,0.19,1442,7589.5,1923.76594,0,2021,292.254126,0.14653373,366,0.19035174,3,0.3571,0.0415
12,WA,53,33,53033,202,3,530330002023,1410,7421.1,0.19,1368,7200,1934.74262,0,2022,198.257081,0.13855679,483,0.18996251,0,0.3571,0.0415
13,WA,53,33,53033,300,1,530330003001,1385,4616.7,0.3,1370,4566.7,1867.13454,0,2022,441.970271,0.19496392,529,0.30438396,0,0.3998,0.055
14,WA,53,33,53033,300,2,530330003002,1520,9500,0.16,1450,9062.5,1939.1164,0,2021,218.954961,0.11178265,497,0.16319325,0,0.3998,0.055
15,WA,53,33,53033,402,1,530330004021,1411,11758.3,0.12,1401,11675,1964.01588,0,2021,31.5789258,0.09265009,280,0.12407623,1,0.4646,0.0506
16,WA,53,33,53033,402,2,530330004022,1516,4458.8,0.34,1461,4297.1,1811.34555,0,2022,538.074836,0.27683639,455,0.33561486,1,0.4646,0.0506
17,WA,53,33,53033,402,3,530330004023,1282,10683.3,0.12,1274,10616.7,1956.12791,1910,2019,27.3203312,0.08807163,291,0.12460185,0,0.4646,0.0506
18,WA,53,33,53033,402,4,530330004024,1075,9772.7,0.11,1038,9436.4,1882.34988,0,2018,375.558326,0.07841242,236,0.11027594,1,0.4646,0.0506
19,WA,53,33,53033,403,1,530330004031,1566,9787.5,0.16,1542,9637.5,1904.10715,0,2022,335.791286,0.11946138,356,0.15712635,1,0.5468,0.046
20,WA,53,33,53033,403,2,530330004032,1539,11838.5,0.13,1532,11784.6,1745.35781,0,2017,647.743337,0.10589824,98,0.12560527,1,0.5468,0.046
21,WA,53,33,53033,404,1,530330004041,1581,22585.7,0.07,1565,22357.1,1847.25776,0,2020,499.903707,0.05631343,113,0.07201328,0,0.426,0.049
22,WA,53,33,53033,404,2,530330004042,1184,9866.7,0.12,1135,9458.3,1955.47535,0,2020,159.446186,0.09996749,203,0.12207794,2,0.426,0.049
23,WA,53,33,53033,404,3,530330004043,1393,27860,0.05,1367,27340,1945.66498,0,2017,332.313909,0.04044363,16,0.04954385,1,0.426,0.049
24,WA,53,33,53033,500,1,530330005001,1748,2241,0.78,1737,2226.9,1390.1431,0,2021,828.047688,0.69330193,770,0.78349064,1,0.4334,0.0414
25,WA,53,33,53033,500,2,530330005002,1676,5078.8,0.33,1663,5039.4,1819.81372,0,2022,503.266971,0.2556218,688,0.33438925,0,0.4334,0.0414
26,WA,53,33,53033,601,1,530330006011,1483,14830,0.1,1459,14590,1925.65292,0,2020,301.749867,0.07488353,228,0.09590013,0,0.3922,0.0498
27,WA,53,33,53033,601,2,530330006012,1249,4163.3,0.3,1243,4143.3,1566.0607,0,2019,788.652083,0.20016766,498,0.29718529,1,0.3922,0.0498
28,WA,53,33,53033,601,3,530330006013,1423,8893.8,0.16,1372,8575,1939.86699,0,2021,238.37731,0.1251094,374,0.15956236,0,0.3922,0.0498
29,WA,53,33,53033,602,1,530330006021,1263,3946.9,0.32,1255,3921.9,1959.92593,0,2022,163.930031,0.26426792,458,0.32070321,0,0.4083,0.04
30,WA,53,33,53033,602,2,530330006022,1456,4412.1,0.33,1441,4366.7,1858.42281,0,2021,410.324838,0.26738623,424,0.32878994,1,0.4083,0.04
31,WA,53,33,53033,602,3,530330006023,1378,4921.4,0.28,1310,4678.6,1010.76185,0,2021,986.831493,0.24954984,144,0.28132715,0,0.4083,0.04
32,WA,53,33,53033,700,1,530330007001,1255,8366.7,0.15,1244,8293.3,1939.88646,0,2022,226.57311,0.11158406,353,0.14905167,1,0.4938,0.0611
33,WA,53,33,53033,700,2,530330007002,1367,6509.5,0.21,1353,6442.9,1905.75973,0,2020,300.009617,0.15426471,469,0.21118953,0,0.4938,0.0611
34,WA,53,33,53033,700,3,530330007003,1248,20800,0.06,1239,20650,1629.10303,0,2016,767.492937,0.04180894,80,0.06383383,3,0.4938,0.0611
35,WA,53,33,53033,700,4,530330007004,1405,17562.5,0.08,1368,17100,1820.43814,0,2022,478.006607,0.0538744,189,0.07567437,0,0.4938,0.0611
36,WA,53,33,53033,800,1,530330008001,1237,6510.5,0.19,1229,6468.4,1872.7063,0,2022,404.718185,0.13965651,489,0.18833369,0,0.3759,0.0453
37,WA,53,33,53033,800,2,530330008002,1511,6044,0.25,1464,5856,1759.75728,0,2021,598.401325,0.20381235,563,0.25258793,0,0.3759,0.0453
38,WA,53,33,53033,900,1,530330009001,1152,5760,0.2,1147,5735,1821.90916,0,2019,508.274593,0.15478372,482,0.20177397,0,0.4661,0.0383
39,WA,53,33,53033,900,2,530330009002,933,4910.5,0.19,929,4889.5,1533.82867,0,2017,688.819949,0.15408819,405,0.18621683,1,0.4661,0.0383
40,WA,53,33,53033,1000,1,530330010001,977,6978.6,0.14,975,6964.3,1941.50276,0,2021,200.607652,0.11276079,271,0.14333388,2,0.4622,0.08
41,WA,53,33,53033,1000,2,530330010002,1039,4517.4,0.23,1037,4508.7,1824.77181,0,2020,521.494409,0.18847767,384,0.22508005,1,0.4622,0.08
42,WA,53,33,53033,1100,1,530330011001,1410,7050,0.2,1400,7000,1910.91178,0,2021,312.703939,0.14864043,449,0.19807011,0,0.3983,0.0496
43,WA,53,33,53033,1100,2,530330011002,1323,6300,0.21,1311,6242.9,1656.27205,0,2022,707.265571,0.16598516,469,0.21146502,0,0.3983,0.0496
44,WA,53,33,53033,1201,1,530330012011,1473,14730,0.1,1460,14600,1714.53736,0,2021,684.719736,0.07896666,110,0.09502891,1,0.5408,0.0683
45,WA,53,33,53033,1201,2,530330012012,1401,15566.7,0.09,1394,15488.9,1951.34803,0,2015,266.188484,0.05555806,98,0.0941119,0,0.5408,0.0683
46,WA,53,33,53033,1201,3,530330012013,971,4855,0.2,927,4635,1979.3358,0.64534116,2020,34.0996037,0.13266841,33,0.20014348,0,0.5408,0.0683
47,WA,53,33,53033,1202,1,530330012021,1215,7593.8,0.16,1131,7068.8,1899.07385,0,2020,344.38443,0.11726392,391,0.15893537,1,0.4753,0.0765
48,WA,53,33,53033,1202,2,530330012022,1149,12766.7,0.09,1142,12688.9,1760.11748,0,2021,601.190796,0.07686094,240,0.09496317,1,0.4753,0.0765
49,WA,53,33,53033,1202,3,530330012023,1611,26850,0.06,1607,26783.3,1623.50494,0,2022,773.912976,0.05250024,96,0.06325441,2,0.4753,0.0765
50,WA,53,33,53033,1300,1,530330013001,1853,9752.6,0.19,1824,9600,1656.35062,0,2022,716.723383,0.13993859,445,0.19402838,2,0.4115,0.0435
51,WA,53,33,53033,1300,2,530330013002,1540,17111.1,0.09,1549,17211.1,1964.08772,0,2021,108.560206,0.06180278,296,0.09452056,0,0.4115,0.0435
52,WA,53,33,53033,1300,3,530330013003,1721,10123.5,0.17,1712,10070.6,1846.75594,0,2022,493.605266,0.1203064,328,0.16737506,1,0.4115,0.0435
53,WA,53,33,53033,1400,1,530330014001,1157,9641.7,0.12,1151,9591.7,1949.20045,0,2021,89.728897,0.08755786,318,0.12467964,0,0.4235,0.0386
54,WA,53,33,53033,1400,2,530330014002,1408,7040,0.2,1363,6815,1440.94248,0,2021,864.820439,0.147976,384,0.19869067,1,0.4235,0.0386
55,WA,53,33,53033,1400,3,530330014003,1292,8613.3,0.15,1256,8373.3,1736.94154,0,2021,631.912439,0.11222805,292,0.14625104,0,0.4235,0.0386
56,WA,53,33,53033,1400,4,530330014004,1542,4283.3,0.36,1528,4244.4,1395.67405,0,2021,713.798096,0.30265049,583,0.36136016,1,0.4235,0.0386
57,WA,53,33,53033,1500,1,530330015001,1300,6500,0.2,1290,6450,1710.54937,0,2021,654.759128,0.15185522,524,0.2016716,1,0.4519,0.0444
58,WA,53,33,53033,1500,2,530330015002,1416,5664,0.25,1389,5556,1635.46958,0,2021,727.523657,0.19193089,539,0.24878925,0,0.4519,0.0444
59,WA,53,33,53033,1600,1,530330016001,1465,3959.5,0.37,1461,3948.6,1409.66623,0,2022,882.28505,0.30649779,630,0.37348467,0,0.4182,0.0461
60,WA,53,33,53033,1600,2,530330016002,1449,5573.1,0.26,1445,5557.7,1955.22138,0,2021,145.514346,0.19451858,576,0.25540875,0,0.4182,0.0461
61,WA,53,33,53033,1600,3,530330016003,1743,12450,0.14,1598,11414.3,1929.77563,0,2021,277.979615,0.1025009,429,0.14444297,1,0.4182,0.0461
62,WA,53,33,53033,1701,1,530330017011,1934,14876.9,0.13,1748,13446.2,1935.58982,0,2022,280.809886,0.08964759,288,0.12500593,1,0.4119,0.0526
63,WA,53,33,53033,1701,2,530330017012,1347,11225,0.12,1340,11166.7,1848.92333,0,2022,447.612305,0.08051766,310,0.11770609,1,0.4119,0.0526
64,WA,53,33,53033,1701,3,530330017013,1163,11630,0.1,1164,11640,1883.75183,0,2022,376.025346,0.06485099,334,0.10198693,0,0.4119,0.0526
65,WA,53,33,53033,1702,1,530330017021,1367,15188.9,0.09,1337,14855.6,1924.37733,0,2021,293.885139,0.05993683,221,0.08581186,0,0.4098,0.0337
66,WA,53,33,53033,1702,2,530330017022,1140,8769.2,0.13,1132,8707.7,1932.98883,0,2021,228.101055,0.09246464,402,0.12544127,0,0.4098,0.0337
67,WA,53,33,53033,1702,3,530330017023,1295,11772.7,0.11,1294,11763.6,1960.08077,0,2021,69.4628575,0.08155898,319,0.11364675,0,0.4098,0.0337
68,WA,53,33,53033,1702,4,530330017024,1576,9270.6,0.17,1564,9200,1942.44826,0,2021,201.943988,0.11856291,472,0.16940908,1,0.4098,0.0337
69,WA,53,33,53033,1800,1,530330018001,1728,10800,0.16,1709,10681.3,1938.557,0,2021,265.937197,0.12186253,441,0.16406338,0,0.4692,0.0565
70,WA,53,33,53033,1800,2,530330018002,1802,20022.2,0.09,1690,18777.8,1966.81913,0,2022,156.100974,0.06467358,300,0.09424446,0,0.4692,0.0565
71,WA,53,33,53033,1800,3,530330018003,1757,15972.7,0.11,1710,15545.5,1927.24281,0,2021,303.218182,0.07575358,341,0.10698303,0,0.4692,0.0565
72,WA,53,33,53033,1900,1,530330019001,1619,10118.8,0.16,1610,10062.5,1926.8247,0,2022,234.658004,0.12956575,525,0.16001114,0,0.4272,0.0406
73,WA,53,33,53033,1900,2,530330019002,1429,7521.1,0.19,1416,7452.6,1941.29486,0,2022,181.5863,0.11586588,529,0.18800991,0,0.4272,0.0406
74,WA,53,33,53033,1900,3,530330019003,1164,38800,0.03,719,23966.7,684.083772,0,2011,1043.61002,0.02546573,6,0.03135505,0,0.4272,0.0406
75,WA,53,33,53033,1900,4,530330019004,1220,4692.3,0.26,1214,4669.2,1947.4669,0,2022,283.666989,0.20053283,234,0.26437379,0,0.4272,0.0406
76,WA,53,33,53033,2000,1,530330020001,1394,10723.1,0.13,1376,10584.6,1927.00177,0,2021,243.660423,0.0976261,393,0.12801713,0,0.4372,0.0535
77,WA,53,33,53033,2000,2,530330020002,1228,8186.7,0.15,1184,7893.3,1858.09349,0,2022,424.780793,0.10919711,431,0.149787,0,0.4372,0.0535
78,WA,53,33,53033,2000,3,530330020003,1194,7462.5,0.16,1163,7268.8,1381.14182,0,2021,894.536317,0.13454009,394,0.15924771,1,0.4372,0.0535
79,WA,53,33,53033,2100,1,530330021001,1428,7515.8,0.19,1425,7500,1940.15443,0,2021,177.710226,0.14296406,528,0.19441481,0,0.4552,0.041
80,WA,53,33,53033,2100,2,530330021002,1376,7242.1,0.19,1365,7184.2,1912.97081,0,2022,320.641125,0.13766099,427,0.1864167,0,0.4552,0.041
81,WA,53,33,53033,2100,3,530330021003,1711,11406.7,0.15,1633,10886.7,1899.4013,0,2022,365.447813,0.10658822,367,0.14637598,3,0.4552,0.041
82,WA,53,33,53033,2200,1,530330022001,1575,6562.5,0.24,1572,6550,1939.1002,0,2021,225.133562,0.17420319,601,0.2378807,0,0.4121,0.0531
83,WA,53,33,53033,2200,2,530330022002,1506,6845.5,0.22,1503,6831.8,1903.17219,0,2019,336.860336,0.17067386,571,0.21923105,2,0.4121,0.0531
84,WA,53,33,53033,2200,3,530330022003,1603,6412,0.25,1597,6388,1601.21491,0,2019,704.934243,0.19095058,559,0.24555542,1,0.4121,0.0531
85,WA,53,33,53033,2200,4,530330022004,1333,3507.9,0.38,1276,3357.9,1775.73647,0,2022,615.059812,0.32610703,440,0.37997924,1,0.4121,0.0531
86,WA,53,33,53033,2400,1,530330024001,1536,7314.3,0.21,1509,7185.7,1957.16402,0,2021,95.57586,0.15989692,597,0.21499627,0,0.3608,0.0495
87,WA,53,33,53033,2400,2,530330024002,1729,10806.3,0.16,1708,10675,1911.58551,0,2021,323.015014,0.11069373,496,0.15664517,0,0.3608,0.0495
88,WA,53,33,53033,2500,1,530330025001,1610,6708.3,0.24,1589,6620.8,1651.27517,0,2022,712.993623,0.17542059,634,0.24015551,0,0.4245,0.0392
89,WA,53,33,53033,2500,2,530330025002,1617,11550,0.14,1566,11185.7,1950.91478,0,2022,137.637045,0.10012371,474,0.13990267,2,0.4245,0.0392
90,WA,53,33,53033,2600,1,530330026001,1150,12777.8,0.09,1141,12677.8,1921.24814,0,2019,217.480149,0.06027565,394,0.09473581,1,0.4344,0.0323
91,WA,53,33,53033,2600,2,530330026002,1585,9906.3,0.16,1465,9156.3,1929.47206,0,2018,188.402138,0.11391435,529,0.15703944,0,0.4344,0.0323
92,WA,53,33,53033,2600,3,530330026003,1996,15353.8,0.13,1710,13153.8,1870.33369,0,2021,395.171539,0.08937526,424,0.1261892,1,0.4344,0.0323
93,WA,53,33,53033,2600,4,530330026004,1046,10460,0.1,1039,10390,1925.30654,0,2019,174.234253,0.0637984,375,0.10264135,1,0.4344,0.0323
94,WA,53,33,53033,2700,1,530330027001,1575,11250,0.14,1571,11221.4,1940.62935,0,2022,113.310411,0.09539962,532,0.1398527,0,0.3835,0.0418
95,WA,53,33,53033,2700,2,530330027002,1546,8136.8,0.19,1489,7836.8,1921.79398,0,2022,220.915072,0.09779193,549,0.19072793,0,0.3835,0.0418
96,WA,53,33,53033,2700,3,530330027003,1185,9875,0.12,1163,9691.7,1946.58415,0,2021,142.023805,0.08620779,383,0.12181855,0,0.3835,0.0418
97,WA,53,33,53033,2700,4,530330027004,1659,10368.8,0.16,1653,10331.3,1943.42649,0,2022,161.775315,0.10443246,513,0.1594931,0,0.3835,0.0418
98,WA,53,33,53033,2800,1,530330028001,1255,12550,0.1,1255,12550,1924.98485,0,2022,166.784823,0.06909825,462,0.10193981,2,0.4141,0.0494
99,WA,53,33,53033,2800,2,530330028002,1292,12920,0.1,1283,12830,1942.69858,0,2021,86.957657,0.06761224,446,0.10016679,2,0.4141,0.0494
100,WA,53,33,53033,2800,3,530330028003,1254,15675,0.08,1230,15375,1922.33886,0,2020,222.457217,0.05053696,335,0.07760278,0,0.4141,0.0494
101,WA,53,33,53033,2800,4,530330028004,1195,11950,0.1,1188,11880,1860.88911,0,2020,394.830763,0.07026438,426,0.10187781,3,0.4141,0.0494
102,WA,53,33,53033,2900,1,530330029001,1709,12207.1,0.14,1701,12150,1930.53652,0,2021,187.222276,0.09307085,534,0.13925213,2,0.4245,0.0399
103,WA,53,33,53033,2900,2,530330029002,1549,11915.4,0.13,1514,11646.2,1936.76763,0,2021,51.9060836,0.08732356,565,0.12763193,1,0.4245,0.0399
104,WA,53,33,53033,2900,3,530330029003,1496,13600,0.11,1475,13409.1,1926.75433,0,2020,143.13904,0.0795772,533,0.11386433,2,0.4245,0.0399
105,WA,53,33,53033,3000,1,530330030001,1768,11050,0.16,1750,10937.5,1906.35398,0,2021,253.785521,0.10740024,657,0.15861977,1,0.4271,0.045
106,WA,53,33,53033,3000,2,530330030002,1594,11385.7,0.14,1536,10971.4,1899.60749,0,2022,333.953965,0.09787428,507,0.1416595,1,0.4271,0.045
107,WA,53,33,53033,3000,3,530330030003,1815,12100,0.15,1776,11840,1931.58558,0,2021,172.853153,0.1054256,579,0.15090199,0,0.4271,0.045
108,WA,53,33,53033,3000,4,530330030004,1444,11107.7,0.13,1431,11007.7,1920.72853,0,2022,210.583245,0.08412803,540,0.12539729,1,0.4271,0.045
109,WA,53,33,53033,3100,1,530330031001,1246,10383.3,0.12,1216,10133.3,1925.18971,0,2021,190.915132,0.08033714,478,0.11807073,1,0.4168,0.0343
110,WA,53,33,53033,3100,2,530330031002,1182,9850,0.12,1181,9841.7,1943.67115,0,2022,123.96385,0.08100728,481,0.11985581,0,0.4168,0.0343
111,WA,53,33,53033,3100,3,530330031003,1285,11681.8,0.11,1277,11609.1,1920.13395,0,2020,210.177001,0.08087412,422,0.11413731,1,0.4168,0.0343
112,WA,53,33,53033,3100,4,530330031004,1523,10153.3,0.15,1519,10126.7,1931.98408,0,2022,120.737933,0.09955329,569,0.1485328,0,0.4168,0.0343
113,WA,53,33,53033,3100,5,530330031005,1370,3805.6,0.36,1352,3755.6,1415.63296,0,2021,721.949684,0.29192867,542,0.35627393,3,0.4168,0.0343
114,WA,53,33,53033,3201,1,530330032011,1384,9226.7,0.15,1377,9180,1536.64083,0,2022,697.654034,0.1172012,247,0.15375888,1,0.5186,0.0938
115,WA,53,33,53033,3201,2,530330032012,1863,7165.4,0.26,1857,7142.3,1326.1235,0,2021,814.642563,0.19576283,461,0.2569853,0,0.5186,0.0938
116,WA,53,33,53033,3201,3,530330032013,1495,37375,0.04,1490,37250,1917.49531,0,2017,390.683671,0.02485026,93,0.03838871,0,0.5186,0.0938
117,WA,53,33,53033,3202,1,530330032021,1679,13991.7,0.12,1652,13766.7,1939.35602,0,2022,148.215066,0.08022107,501,0.11802702,0,0.4704,0.0553
118,WA,53,33,53033,3202,2,530330032022,1809,16445.5,0.11,1741,15827.3,1945.97367,0,2021,201.253224,0.07175858,359,0.10588204,2,0.4704,0.0553
119,WA,53,33,53033,3202,3,530330032023,1408,9386.7,0.15,1388,9253.3,1892.29699,0,2021,302.747464,0.10042223,512,0.14518572,1,0.4704,0.0553
120,WA,53,33,53033,3301,1,530330033011,1325,14722.2,0.09,1305,14500,1924.98639,0,2022,256.001583,0.05990849,297,0.08708117,0,0.4271,0.0513
121,WA,53,33,53033,3301,2,530330033012,1656,20700,0.08,1608,20100,1958.16466,0,2022,197.312054,0.05269538,322,0.08022418,1,0.4271,0.0513
122,WA,53,33,53033,3301,3,530330033013,1467,16300,0.09,1438,15977.8,1791.59045,0,2021,543.150252,0.06265725,340,0.09107893,2,0.4271,0.0513
123,WA,53,33,53033,3302,1,530330033021,1300,13000,0.1,1273,12730,1934.61818,0,2021,109.321921,0.07176609,451,0.10342,0,0.4025,0.054
124,WA,53,33,53033,3302,2,530330033022,1072,17866.7,0.06,1052,17533.3,1953.97115,1900,2022,39.9789469,0.04230482,240,0.06469533,0,0.4025,0.054
125,WA,53,33,53033,3302,3,530330033023,1173,16757.1,0.07,1141,16300,1959.40167,0,2021,239.551377,0.05344191,192,0.07400083,0,0.4025,0.054
126,WA,53,33,53033,3400,1,530330034001,1204,12040,0.1,1196,11960,1913.58216,0,2022,233.521076,0.07090406,414,0.10160888,2,0.4571,0.0603
127,WA,53,33,53033,3400,2,530330034002,1275,12750,0.1,1257,12570,1928.47304,0,2021,102.615864,0.07031688,464,0.0980601,1,0.4571,0.0603
128,WA,53,33,53033,3400,3,530330034003,1124,11240,0.1,1107,11070,1936.95244,0,2021,181.353452,0.07000013,342,0.10425092,0,0.4571,0.0603
129,WA,53,33,53033,3500,1,530330035001,1614,12415.4,0.13,1567,12053.8,1913.02633,0,2021,232.592229,0.08762386,508,0.1304986,1,0.4852,0.0371
130,WA,53,33,53033,3500,2,530330035002,1510,11615.4,0.13,1489,11453.8,1881.93462,0,2022,333.880205,0.08004768,476,0.13358365,0,0.4852,0.0371
131,WA,53,33,53033,3500,3,530330035003,1170,5087,0.23,1154,5017.4,1975.45903,0,2020,38.2598373,0.19057964,283,0.23195847,1,0.4852,0.0371
132,WA,53,33,53033,3601,1,530330036011,1325,14722.2,0.09,1265,14055.6,1915.61721,0,2022,254.346133,0.04563187,282,0.09488888,4,0.5244,0.0763
133,WA,53,33,53033,3601,2,530330036012,1414,11783.3,0.12,1398,11650,1932.2147,0,2020,177.854502,0.0808804,483,0.12382424,0,0.5244,0.0763
134,WA,53,33,53033,3601,3,530330036013,1189,29725,0.04,1175,29375,1960.72669,0,2021,220.912111,0.0266064,108,0.04156146,0,0.5244,0.0763
135,WA,53,33,53033,3602,1,530330036021,2135,30500,0.07,1818,25971.4,1914.10417,0,2021,346.11055,0.03335342,125,0.06575924,0,0.4567,0.0508
136,WA,53,33,53033,3602,2,530330036022,1418,28360,0.05,1396,27920,1913.23828,0,2021,373.180452,0.03146514,145,0.0520061,3,0.4567,0.0508
137,WA,53,33,53033,3602,3,530330036023,1376,17200,0.08,1360,17000,1898.69027,0,2021,413.823287,0.02858311,102,0.0839083,0,0.4567,0.0508
138,WA,53,33,53033,3800,1,530330038001,1442,11092.3,0.13,1424,10953.8,1963.25905,0,2021,82.6283485,0.09951328,368,0.1335247,1,0.4887,0.0549
139,WA,53,33,53033,3800,2,530330038002,1053,9572.7,0.11,1045,9500,1952.61648,0,2022,93.5706504,0.07683572,369,0.1076327,0,0.4887,0.0549
140,WA,53,33,53033,3900,1,530330039001,1865,8477.3,0.22,1851,8413.6,1788.05965,0,2021,561.096402,0.16579009,627,0.21970483,0,0.3567,0.0339
141,WA,53,33,53033,3900,2,530330039002,1199,7493.8,0.16,1190,7437.5,1951.76854,0,2021,103.803925,0.11672644,438,0.15633572,0,0.3567,0.0339
142,WA,53,33,53033,4000,1,530330040001,2414,2807,0.86,2274,2644.2,1481.54384,0,2021,813.160053,0.79174949,295,0.86377433,2,0.5443,0.0441
143,WA,53,33,53033,4000,2,530330040002,1038,7984.6,0.13,1034,7953.8,1925.10396,0,2022,272.114474,0.09199325,357,0.1301151,0,0.5443,0.0441
144,WA,53,33,53033,4101,1,530330041011,1170,6157.9,0.19,1163,6121.1,1438.5019,0,2022,803.143952,0.15525759,421,0.19319022,0,0.4144,0.0525
145,WA,53,33,53033,4101,2,530330041012,1371,5712.5,0.24,1362,5675,1850.29606,0,2020,383.432675,0.17432803,511,0.24081801,0,0.4144,0.0525
146,WA,53,33,53033,4101,3,530330041013,1395,7342.1,0.19,1389,7310.5,1805.96769,0,2021,539.01158,0.13604233,367,0.18502835,1,0.4144,0.0525
147,WA,53,33,53033,4102,1,530330041021,1363,5926.1,0.23,1360,5913,1662.36933,0,2021,575.18246,0.19716759,253,0.22610289,0,0.4443,0.0561
148,WA,53,33,53033,4102,2,530330041022,1501,7147.6,0.21,1414,6733.3,1957.06604,0,2022,176.67844,0.15821151,444,0.20511078,2,0.4443,0.0561
149,WA,53,33,53033,4102,3,530330041023,1456,6618.2,0.22,1424,6472.7,1852.69836,0,2021,451.594944,0.16801223,449,0.22127526,0,0.4443,0.0561
150,WA,53,33,53033,4201,1,530330042011,1334,6352.4,0.21,1326,6314.3,1782.97187,0,2022,574.550376,0.15691643,469,0.20573815,0,0.427,0.0445
151,WA,53,33,53033,4201,2,530330042012,1333,10253.8,0.13,1323,10176.9,1493.26362,0,2022,846.485197,0.08758724,244,0.12620039,0,0.427,0.0445
152,WA,53,33,53033,4201,3,530330042013,1316,8773.3,0.15,1310,8733.3,1866.19867,0,2022,422.798005,0.10861286,469,0.14840901,0,0.427,0.0445
153,WA,53,33,53033,4202,1,530330042021,1467,7335,0.2,1457,7285,1846.25472,0,2021,477.429837,0.14722473,442,0.19833455,3,0.3635,0.0418
154,WA,53,33,53033,4202,2,530330042022,1431,11007.7,0.13,1428,10984.6,1944.18288,0,2020,115.488186,0.08898816,516,0.13042809,1,0.3635,0.0418
155,WA,53,33,53033,4202,3,530330042023,1590,11357.1,0.14,1556,11114.3,1918.48023,0,2021,228.787227,0.09849439,542,0.14266558,3,0.3635,0.0418
156,WA,53,33,53033,4301,1,530330043011,1554,11953.8,0.13,1324,10184.6,1945.643,0,2020,307.786641,0.11062713,157,0.13295832,2,0.4846,0.0416
157,WA,53,33,53033,4301,2,530330043012,1317,13170,0.1,1300,13000,1928.22494,0,2022,135.291954,0.07228211,458,0.10095772,0,0.4846,0.0416
158,WA,53,33,53033,4301,3,530330043013,1331,9507.1,0.14,1319,9421.4,1052.91725,0,2021,967.090589,0.11012469,373,0.14414412,2,0.4846,0.0416
159,WA,53,33,53033,4302,1,530330043021,1099,18316.7,0.06,1086,18100,1881.27662,0,2021,466.134929,0.03655235,76,0.06056494,0,0.524,0.0644
160,WA,53,33,53033,4302,2,530330043022,1429,47633.3,0.03,1371,45700,1765.19242,0,2020,630.033194,0.01943915,48,0.02783345,0,0.524,0.0644
161,WA,53,33,53033,4302,3,530330043023,1546,38650,0.04,1463,36575,1955.15378,0,2020,164.663205,0.02691344,124,0.039475,0,0.524,0.0644
162,WA,53,33,53033,4401,1,530330044011,1508,11600,0.13,1426,10969.2,1055.77756,0,2021,964.279964,0.09188179,274,0.12676639,1,0.5294,0.0607
163,WA,53,33,53033,4401,2,530330044012,1215,12150,0.1,1207,12070,1865.66368,0,2020,361.579666,0.06120556,349,0.09784249,1,0.5294,0.0607
164,WA,53,33,53033,4401,3,530330044013,1001,25025,0.04,1177,29425,1947.58034,1905,2022,36.9300497,0.02839547,153,0.0436859,0,0.5294,0.0607
165,WA,53,33,53033,4402,1,530330044021,1266,31650,0.04,1263,31575,1905.37007,0,2020,362.857943,0.0273258,136,0.04180487,0,0.5123,0.0473
166,WA,53,33,53033,4402,2,530330044022,1235,24700,0.05,1232,24640,1924.29721,0,2021,224.029893,0.03113206,202,0.04982567,0,0.5123,0.0473
167,WA,53,33,53033,4402,3,530330044023,1070,53500,0.02,1069,53450,1959.84024,0,2020,208.277458,0.01435182,73,0.02226266,0,0.5123,0.0473
168,WA,53,33,53033,4500,1,530330045001,1233,11209.1,0.11,1206,10963.6,1935.01418,0,2021,134.391389,0.06243649,339,0.10649244,3,0.4103,0.0488
169,WA,53,33,53033,4500,2,530330045002,1787,11913.3,0.15,1766,11773.3,1926.6068,0,2021,102.107806,0.0903708,592,0.15259552,1,0.4103,0.0488
170,WA,53,33,53033,4600,1,530330046001,1259,1554.3,0.81,1246,1538.3,649.086504,0,2020,918.412253,0.24466191,415,0.81204048,2,0.4352,0.0416
171,WA,53,33,53033,4600,2,530330046002,1174,11740,0.1,1166,11660,1928.34768,0,2020,180.460231,0.06669914,424,0.10210909,0,0.4352,0.0416
172,WA,53,33,53033,4600,3,530330046003,1154,14425,0.08,1151,14387.5,1931.37846,0,2021,100.605241,0.05714421,370,0.08412857,1,0.4352,0.0416
173,WA,53,33,53033,4701,1,530330047011,1349,33725,0.04,1336,33400,1934.232,0,2020,340.594838,0.02563275,107,0.03800807,2,0.3925,0.0565
174,WA,53,33,53033,4701,2,530330047012,1222,9400,0.13,1214,9338.5,1620.2367,0,2020,681.899399,0.09382121,154,0.13297016,14,0.3925,0.0565
175,WA,53,33,53033,4701,3,530330047013,1095,21900,0.05,1089,21780,1853.64268,0,2020,519.163487,0.0293145,55,0.0494595,5,0.3925,0.0565
176,WA,53,33,53033,4702,1,530330047021,1099,21980,0.05,1070,21400,1964.78637,0,2020,204.505057,0.03451413,147,0.05330517,2,0.382,0.0633
177,WA,53,33,53033,4702,2,530330047022,1589,52966.7,0.03,1494,49800,2004.68769,1985,2019,11.2791279,0.0160354,12,0.02622321,0,0.382,0.0633
178,WA,53,33,53033,4702,3,530330047023,1358,67900,0.02,1353,67650,1936.27636,0,2018,341.975767,0.01551406,60,0.02333536,3,0.382,0.0633
179,WA,53,33,53033,4703,1,530330047031,1272,12720,0.1,1205,12050,1897.3365,0,2022,321.889304,0.06368819,360,0.09843379,0,0.377,0.0563
180,WA,53,33,53033,4703,2,530330047032,1367,8543.8,0.16,1285,8031.3,1872.84937,0,2022,474.395117,0.09754892,217,0.15728313,4,0.377,0.0563
181,WA,53,33,53033,4703,3,530330047033,1178,5890,0.2,1145,5725,1637.81516,0,2022,679.737789,0.13931854,296,0.20311858,6,0.377,0.0563
182,WA,53,33,53033,4800,1,530330048001,1190,10818.2,0.11,1154,10490.9,1909.41704,0,2021,265.445099,0.06705888,414,0.10689998,0,0.4612,0.0452
183,WA,53,33,53033,4800,2,530330048002,1331,12100,0.11,1328,12072.7,1918.00957,0,2021,263.92302,0.07497748,407,0.11390383,1,0.4612,0.0452
184,WA,53,33,53033,4800,3,530330048003,1410,8812.5,0.16,1387,8668.8,1829.57625,0,2021,459.259476,0.09837595,412,0.16200549,2,0.4612,0.0452
185,WA,53,33,53033,4800,4,530330048004,1266,11509.1,0.11,1244,11309.1,1933.78898,0,2022,174.891455,0.07324897,421,0.11071366,1,0.4612,0.0452
186,WA,53,33,53033,4901,1,530330049011,1333,16662.5,0.08,1266,15825,1913.745,0,2021,300.918718,0.04659847,252,0.07575879,0,0.4857,0.0715
187,WA,53,33,53033,4901,2,530330049012,1489,24816.7,0.06,1475,24583.3,1958.39816,0,2020,119.832042,0.04106392,238,0.06167584,2,0.4857,0.0715
188,WA,53,33,53033,4901,3,530330049013,1192,23840,0.05,1105,22100,1964.46459,0,2022,172.915577,0.03254023,177,0.05452183,1,0.4857,0.0715
189,WA,53,33,53033,4902,1,530330049021,1783,14858.3,0.12,1729,14408.3,1861.94183,0,2021,428.317855,0.07302719,401,0.12161315,1,0.4247,0.0534
190,WA,53,33,53033,4902,2,530330049022,1431,13009.1,0.11,1414,12854.5,1944.57314,0,2021,260.65931,0.0746546,190,0.10913831,13,0.4247,0.0534
191,WA,53,33,53033,5000,1,530330050001,1834,12226.7,0.15,1754,11693.3,1890.90105,0,2021,327.253975,0.08867905,458,0.150752,5,0.4994,0.0662
192,WA,53,33,53033,5000,2,530330050002,1092,13650,0.08,1084,13550,1671.34628,0,2021,689.754171,0.05381249,262,0.08183813,0,0.4994,0.0662
193,WA,53,33,53033,5000,3,530330050003,1723,28716.7,0.06,1685,28083.3,1943.89289,0,2021,258.658652,0.03299026,150,0.05984651,1,0.4994,0.0662
194,WA,53,33,53033,5100,1,530330051001,1492,12433.3,0.12,1470,12250,1660.75744,0,2021,696.91547,0.08381705,403,0.12376715,2,0.467,0.0452
195,WA,53,33,53033,5100,2,530330051002,1377,11475,0.12,1375,11458.3,1911.78834,0,2021,195.730064,0.08097787,478,0.12310706,0,0.467,0.0452
196,WA,53,33,53033,5100,3,530330051003,1168,12977.8,0.09,1167,12966.7,1930.34296,0,2021,126.77154,0.06163491,389,0.09358294,0,0.467,0.0452
197,WA,53,33,53033,5201,1,530330052011,1352,12290.9,0.11,1332,12109.1,1790.65027,0,2020,504.615127,0.06330241,325,0.11496103,0,0.5237,0.042
198,WA,53,33,53033,5201,2,530330052012,1364,13640,0.1,1340,13400,1930.02963,0,2020,130.291984,0.06319128,378,0.10115559,1,0.5237,0.042
199,WA,53,33,53033,5201,3,530330052013,1230,24600,0.05,1226,24520,1509.59898,0,2021,850.647204,0.02665587,86,0.05404378,2,0.5237,0.042
200,WA,53,33,53033,5202,1,530330052021,1290,43000,0.03,1231,41033.3,1666.4844,0,2020,754.571762,0.01388175,34,0.02701637,0,0.5534,0.0634
201,WA,53,33,53033,5202,2,530330052022,1207,24140,0.05,1201,24020,1451.15583,0,2018,826.188688,0.02240214,49,0.04530952,2,0.5534,0.0634
202,WA,53,33,53033,5202,3,530330052023,1196,39866.7,0.03,1163,38766.7,1933.18514,0,2021,333.58284,0.01747321,69,0.03165375,1,0.5534,0.0634
203,WA,53,33,53033,5303,1,530330053031,1628,10853.3,0.15,1601,10673.3,574.573901,0,1985,693.623308,0.10912604,9,0.14990067,0,0.553,0.129
204,WA,53,33,53033,5303,2,530330053032,3717,4705.1,0.79,3709,4694.9,0.52008162,0,820.453058,20.0021713,0.67784494,8,0.78851735,0,0.553,0.129
205,WA,53,33,53033,5304,1,530330053041,1853,185300,0.01,1865,186500,161.867287,161.867287,161.867287,0,0.00573069,1,0.01070141,0,0.4505,0.0972
206,WA,53,33,53033,5304,2,530330053042,1663,83150,0.02,1641,82050,242.611255,207.563101,1985,349.478209,0.00749624,2,0.0174967,0,0.4505,0.0972
207,WA,53,33,53033,5305,1,530330053051,1375,27500,0.05,1354,27080,1567.8644,0,2021,813.054568,0.03190754,90,0.05003541,5,0.5293,0.0869
208,WA,53,33,53033,5305,2,530330053052,1658,55266.7,0.03,1531,51033.3,1826.18907,0,2018,546.292131,0.02060485,53,0.03219232,1,0.5293,0.0869
209,WA,53,33,53033,5306,1,530330053061,1630,32600,0.05,1678,33560,1725.31036,0,2021,684.983792,0.03510589,89,0.05240783,5,0.5764,0.0786
210,WA,53,33,53033,5306,2,530330053062,1484,49466.7,0.03,1456,48533.3,1877.2715,0,2020,485.669736,0.01536358,28,0.02500051,2,0.5764,0.0786
211,WA,53,33,53033,5307,1,530330053071,1028,51400,0.02,936,46800,1889.90916,0,2010,441.158117,0.00925536,30,0.01553795,0,0.4852,0.183
212,WA,53,33,53033,5307,2,530330053072,628,62800,0.01,714,71400,1952.59139,0,2016,259.189134,0.00923936,36,0.01332807,0,0.4852,0.183
213,WA,53,33,53033,5307,3,530330053073,1269,63450,0.02,1271,63550,1985.7599,1914,2016,18.8810097,0.01423435,55,0.02133796,0,0.4852,0.183
214,WA,53,33,53033,5401,1,530330054011,1267,31675,0.04,1253,31325,1971.43073,0,2020,213.227713,0.0235974,82,0.03921276,1,0.4335,0.0523
215,WA,53,33,53033,5401,2,530330054012,1348,9628.6,0.14,1339,9564.3,1634.77672,0,2020,481.891428,0.08924928,210,0.13558716,1,0.4335,0.0523
216,WA,53,33,53033,5401,3,530330054013,1272,10600,0.12,1261,10508.3,1682.29891,0,2020,629.011556,0.07825459,206,0.11693168,2,0.4335,0.0523
217,WA,53,33,53033,5402,1,530330054021,1219,13544.4,0.09,1188,13200,1935.13066,1900,2020,36.0086333,0.05699256,370,0.08562014,0,0.4597,0.0589
218,WA,53,33,53033,5402,2,530330054022,1145,22900,0.05,1138,22760,1943.34315,0,2020,235.108763,0.03099716,157,0.0480971,0,0.4597,0.0589
219,WA,53,33,53033,5402,3,530330054023,1009,20180,0.05,936,18720,1893.64267,0,2021,393.376952,0.02770261,131,0.0453995,0,0.4597,0.0589
220,WA,53,33,53033,5600,1,530330056001,1574,8744.4,0.18,1559,8661.1,1930.21814,0,2022,244.057705,0.13143168,605,0.18355585,0,0.4467,0.0453
221,WA,53,33,53033,5600,2,530330056002,1385,4946.4,0.28,1375,4910.7,1754.86924,0,2021,569.65227,0.20272554,567,0.27579257,0,0.4467,0.0453
222,WA,53,33,53033,5600,3,530330056003,1445,4250,0.34,1434,4217.6,1345.38498,0,2022,901.546139,0.22099723,599,0.33801678,1,0.4467,0.0453
223,WA,53,33,53033,5600,4,530330056004,1365,8029.4,0.17,1357,7982.4,1950.68666,0,2021,105.206065,0.11785557,532,0.17409012,1,0.4467,0.0453
224,WA,53,33,53033,5600,5,530330056005,1420,7100,0.2,1405,7025,1834.05086,0,2022,465.312733,0.12257546,607,0.19520571,1,0.4467,0.0453
225,WA,53,33,53033,5700,1,530330057001,1365,1083.3,1.26,1346,1068.3,1719.48497,0,2022,674.762986,1.14997882,464,1.25755755,2,0.4337,0.0588
226,WA,53,33,53033,5700,2,530330057002,1205,8033.3,0.15,1182,7880,1956.01869,0,2021,35.710182,0.09930838,426,0.15287364,0,0.4337,0.0588
227,WA,53,33,53033,5700,3,530330057003,1393,6633.3,0.21,1376,6552.4,1959.19354,1920,2021,26.6026724,0.13689211,477,0.20722051,2,0.4337,0.0588
228,WA,53,33,53033,5700,4,530330057004,1307,8713.3,0.15,1300,8666.7,1957.43009,0,2022,49.0786662,0.09286038,433,0.1476079,0,0.4337,0.0588
229,WA,53,33,53033,5700,5,530330057005,1397,8217.6,0.17,1382,8129.4,1502.03466,0,2021,802.503456,0.11293161,374,0.16732007,1,0.4337,0.0588
230,WA,53,33,53033,5801,1,530330058011,1385,17312.5,0.08,1331,16637.5,1964.58574,0,2022,129.572624,0.0538275,258,0.08215146,0,0.3864,0.0486
231,WA,53,33,53033,5801,2,530330058012,1743,21787.5,0.08,1727,21587.5,1654.14391,0,2020,731.283911,0.06000273,169,0.08170116,1,0.3864,0.0486
232,WA,53,33,53033,5801,3,530330058013,1396,10738.5,0.13,1360,10461.5,1688.98943,0,2021,688.490421,0.08932317,289,0.13059295,1,0.3864,0.0486
233,WA,53,33,53033,5801,4,530330058014,1735,4231.7,0.41,1698,4141.5,1563.90051,0,2022,699.603466,0.3019816,414,0.40915897,3,0.3864,0.0486
234,WA,53,33,53033,5803,1,530330058031,1838,12253.3,0.15,1731,11540,1952.34406,0,2020,158.180794,0.10152166,436,0.15148994,0,0.4405,0.0646
235,WA,53,33,53033,5803,2,530330058032,1658,9752.9,0.17,1616,9505.9,1492.07463,0,2021,847.710581,0.11205252,399,0.16979476,1,0.4405,0.0646
236,WA,53,33,53033,5804,1,530330058041,1485,1811,0.82,1319,1608.5,1347.72182,0,2019,837.091317,0.73019367,285,0.81530621,5,0.4221,0.0599
237,WA,53,33,53033,5804,2,530330058042,1687,18744.4,0.09,1674,18600,1848.88379,0,2021,500.547548,0.05234074,170,0.08509382,1,0.4221,0.0599
238,WA,53,33,53033,5901,1,530330059011,1318,8237.5,0.16,1295,8093.8,1380.74275,0,2022,711.158655,0.11309103,248,0.1550739,3,0.4351,0.0681
239,WA,53,33,53033,5901,2,530330059012,922,13171.4,0.07,1056,15085.7,1937.7051,0,2021,294.88937,0.05831508,113,0.07417856,0,0.4351,0.0681
240,WA,53,33,53033,5901,3,530330059013,1157,16528.6,0.07,1219,17414.3,1692.45397,0,2021,696.854506,0.04683586,177,0.0711489,1,0.4351,0.0681
241,WA,53,33,53033,5902,1,530330059021,1433,14330,0.1,1415,14150,1934.85201,0,2021,227.513719,0.06946929,362,0.10246817,0,0.4342,0.0501
242,WA,53,33,53033,5902,2,530330059022,1418,11816.7,0.12,1337,11141.7,1931.00958,0,2021,147.822852,0.08237503,481,0.12364291,0,0.4342,0.0501
243,WA,53,33,53033,5902,3,530330059023,1388,8164.7,0.17,1375,8088.2,1936.78365,0,2021,229.04367,0.12052596,443,0.16888481,0,0.4342,0.0501
244,WA,53,33,53033,6000,1,530330060001,1677,16770,0.1,1641,16410,1491.62943,0,2020,827.580693,0.05310141,162,0.09697044,1,0.4526,0.0464
245,WA,53,33,53033,6000,2,530330060002,1512,9450,0.16,1464,9150,1696.82883,0,2021,644.386106,0.10011433,497,0.16419034,1,0.4526,0.0464
246,WA,53,33,53033,6000,3,530330060003,1542,10280,0.15,1533,10220,1662.44169,0,2021,689.995926,0.10337709,493,0.14976857,1,0.4526,0.0464
247,WA,53,33,53033,6000,4,530330060004,1467,13336.4,0.11,1423,12936.4,1642.6633,0,2021,751.325525,0.06492404,196,0.10670716,0,0.4526,0.0464
248,WA,53,33,53033,6100,1,530330061001,1423,12936.4,0.11,1319,11990.9,1739.12349,0,2021,587.433677,0.06676972,297,0.1120639,0,0.4454,0.0307
249,WA,53,33,53033,6100,2,530330061002,1256,6977.8,0.18,1221,6783.3,1520.18766,0,2020,733.248544,0.08950216,357,0.17699345,1,0.4454,0.0307
250,WA,53,33,53033,6100,3,530330061003,860,21500,0.04,808,20200,1966.06687,0,2022,118.519877,0.02033891,86,0.03816968,0,0.4454,0.0307
251,WA,53,33,53033,6100,4,530330061004,895,14916.7,0.06,891,14850,1570.02438,0,2019,679.325846,0.02901485,66,0.05907693,1,0.4454,0.0307
252,WA,53,33,53033,6100,5,530330061005,1478,18475,0.08,1428,17850,1893.66155,0,2020,414.036985,0.04373836,182,0.07553475,3,0.4454,0.0307
253,WA,53,33,53033,6200,1,530330062001,1520,3102,0.49,1516,3093.9,1490.19178,0,2020,529.111471,0.30561426,552,0.48858156,4,0.4371,0.0425
254,WA,53,33,53033,6200,2,530330062002,1540,7000,0.22,1536,6981.8,1699.08138,0,2022,491.857888,0.13581406,569,0.217668,2,0.4371,0.0425
255,WA,53,33,53033,6200,3,530330062003,1029,4473.9,0.23,1023,4447.8,1590.29848,0,2021,753.171252,0.13017531,394,0.23432914,3,0.4371,0.0425
256,WA,53,33,53033,6300,1,530330063001,1348,8425,0.16,1343,8393.8,1691.57068,0,2022,618.755472,0.11343537,387,0.16132821,0,0.562,0.0374
257,WA,53,33,53033,6300,2,530330063002,1511,2747.3,0.55,1502,2730.9,1094.12798,0,2021,935.693995,0.46305911,588,0.54993267,1,0.562,0.0374
258,WA,53,33,53033,6300,3,530330063003,1326,16575,0.08,1318,16475,1545.94052,0,2021,645.958705,0.057215,244,0.0821773,1,0.562,0.0374
259,WA,53,33,53033,6300,4,530330063004,1374,6542.9,0.21,1367,6509.5,1711.01799,0,2022,451.029082,0.1444309,393,0.21437371,1,0.562,0.0374
260,WA,53,33,53033,6400,1,530330064001,1142,9516.7,0.12,1132,9433.3,1843.13733,0,2022,456.245385,0.07237852,427,0.11611451,0,0.5109,0.0627
261,WA,53,33,53033,6400,2,530330064002,996,11066.7,0.09,988,10977.8,1923.9219,1900,2017,35.9988104,0.05997551,298,0.08975291,0,0.5109,0.0627
262,WA,53,33,53033,6400,3,530330064003,1313,9378.6,0.14,1300,9285.7,1930.47782,0,2021,91.3843833,0.09487521,408,0.1430436,0,0.5109,0.0627
263,WA,53,33,53033,6500,1,530330065001,1652,5900,0.28,1553,5546.4,1918.28436,0,2021,325.106853,0.22974142,443,0.27639966,2,0.4693,0.0483
264,WA,53,33,53033,6500,2,530330065002,1512,15120,0.1,1477,14770,1779.25271,0,2021,552.489946,0.06789446,279,0.10000863,0,0.4693,0.0483
265,WA,53,33,53033,6500,3,530330065003,1645,23500,0.07,1642,23457.1,1959.96786,0,2021,153.393019,0.04604235,175,0.06669599,0,0.4693,0.0483
266,WA,53,33,53033,6600,1,530330066001,1074,4881.8,0.22,1070,4863.6,1702.83497,0,2021,519.714372,0.11947482,98,0.2151783,1,0.4777,0.0527
267,WA,53,33,53033,6600,2,530330066002,1915,31916.7,0.06,1851,30850,1925.63889,0,2021,355.498958,0.03623607,172,0.06374279,3,0.4777,0.0527
268,WA,53,33,53033,6600,3,530330066003,1164,7760,0.15,1140,7600,1711.51949,0,2020,661.719654,0.07947339,196,0.14879583,0,0.4777,0.0527
269,WA,53,33,53033,6701,1,530330067011,1293,64650,0.02,1286,64300,1842.5991,0,2016,584.931975,0.00981598,9,0.01900759,0,0.3572,0.0587
270,WA,53,33,53033,6701,2,530330067012,1309,26180,0.05,1140,22800,1296.32427,0,2016,905.613493,0.0325212,25,0.05286984,0,0.3572,0.0587
271,WA,53,33,53033,6701,3,530330067013,1827,26100,0.07,1634,23342.9,1725.78717,0,2019,577.737524,0.0468282,121,0.07494723,0,0.3572,0.0587
272,WA,53,33,53033,6702,1,530330067021,1337,26740,0.05,1155,23100,1938.64818,0,2019,302.411053,0.02903543,120,0.04724345,2,0.3418,0.0727
273,WA,53,33,53033,6702,2,530330067022,1068,53400,0.02,1064,53200,1998.72078,1965,2021,20.4982097,0.01430174,13,0.02468241,0,0.3418,0.0727
274,WA,53,33,53033,6702,3,530330067023,1096,21920,0.05,1037,20740,1883.72125,0,2022,451.488137,0.02583585,98,0.04574168,0,0.3418,0.0727
275,WA,53,33,53033,6703,1,530330067031,1061,10610,0.1,1042,10420,1673.76857,0,2020,680.15135,0.06438509,308,0.10375544,1,0.5014,0.065
276,WA,53,33,53033,6703,2,530330067032,1047,14957.1,0.07,1011,14442.9,1437.82796,0,2021,889.819622,0.04522164,116,0.06705328,1,0.5014,0.065
277,WA,53,33,53033,6703,3,530330067033,1216,20266.7,0.06,1206,20100,1831.82811,0,2020,498.151285,0.03961425,165,0.05974043,1,0.5014,0.065
278,WA,53,33,53033,6800,1,530330068001,1291,12910,0.1,1247,12470,1832.60183,0,2022,461.503288,0.06518222,361,0.09987396,0,0.529,0.05
279,WA,53,33,53033,6800,2,530330068002,1073,13412.5,0.08,1070,13375,1922.48266,0,2022,228.941379,0.05042863,307,0.08293079,1,0.529,0.05
280,WA,53,33,53033,6800,3,530330068003,1019,11322.2,0.09,1024,11377.8,1867.97253,0,2020,422.381402,0.0602321,260,0.09445505,3,0.529,0.05
281,WA,53,33,53033,6900,1,530330069001,1621,18011.1,0.09,1527,16966.7,1951.93793,0,2022,138.918314,0.06072692,355,0.09438408,2,0.4887,0.0488
282,WA,53,33,53033,6900,2,530330069002,1637,13641.7,0.12,1620,13500,1943.07132,0,2022,107.288547,0.07576959,491,0.12296202,1,0.4887,0.0488
283,WA,53,33,53033,6900,3,530330069003,1566,12046.2,0.13,1551,11930.8,1901.36309,0,2021,318.362972,0.08293471,339,0.1321286,2,0.4887,0.0488
284,WA,53,33,53033,7001,1,530330070011,1382,17275,0.08,1341,16762.5,1851.64748,0,2022,463.226288,0.05432447,166,0.08264712,3,0.4817,0.076
285,WA,53,33,53033,7001,2,530330070012,1350,45000,0.03,1293,43100,1993.60866,1908,2016,15.5042538,0.01749312,44,0.02671213,0,0.4817,0.076
286,WA,53,33,53033,7001,3,530330070013,1129,37633.3,0.03,1123,37433.3,1927.6164,0,2021,347.209968,0.01823041,35,0.0289842,0,0.4817,0.076
287,WA,53,33,53033,7002,1,530330070021,1278,31950,0.04,1271,31775,1972.21914,1900,2017,37.0854923,0.02939958,97,0.04486578,1,0.5359,0.0711
288,WA,53,33,53033,7002,2,530330070022,1323,18900,0.07,1312,18742.9,1940.88243,0,2019,254.123157,0.04726432,172,0.07415325,1,0.5359,0.0711
289,WA,53,33,53033,7002,3,530330070023,1660,33200,0.05,1398,27960,1936.60087,0,2021,328.852052,0.03194562,94,0.05127115,2,0.5359,0.0711
290,WA,53,33,53033,7101,1,530330071011,1708,42700,0.04,1635,40875,1685.75958,0,2022,732.897302,0.0241522,60,0.03886951,1,0.326,0.0582
291,WA,53,33,53033,7101,2,530330071012,1832,12213.3,0.15,1586,10573.3,1914.27555,0,2021,404.285967,0.13156904,47,0.15226199,2,0.326,0.0582
292,WA,53,33,53033,7102,1,530330071021,1349,13490,0.1,1345,13450,1726.8096,0,2020,691.355286,0.05691084,77,0.09901032,0,0.3988,0.0481
293,WA,53,33,53033,7102,2,530330071022,1355,45166.7,0.03,1316,43866.7,1890.87367,0,2020,465.061204,0.01852122,39,0.03068944,0,0.3988,0.0481
294,WA,53,33,53033,7201,1,530330072011,1777,88850,0.02,1752,87600,1967.03446,0,2022,271.975918,0.01312933,18,0.02402515,0,0.5004,0.0544
295,WA,53,33,53033,7201,2,530330072012,1117,55850,0.02,1108,55400,1848.56193,0,2014,531.897739,0.00848114,22,0.01923191,1,0.5004,0.0544
296,WA,53,33,53033,7201,3,530330072013,2400,240000,0.01,1786,178600,1881.80236,0,2022,532.690745,0.00767568,6,0.01494695,0,0.5004,0.0544
297,WA,53,33,53033,7202,1,530330072021,1487,74350,0.02,1473,73650,1777.80607,0,2018,628.999711,0.01394683,35,0.0249037,0,0.4068,0.0753
298,WA,53,33,53033,7202,2,530330072022,1357,33925,0.04,808,20200,1866.01821,0,2021,495.718631,0.02033168,34,0.03690366,2,0.4068,0.0753
299,WA,53,33,53033,7202,3,530330072023,1893,37860,0.05,1867,37340,1772.80366,0,2020,655.419887,0.02456036,27,0.04652657,3,0.4068,0.0753
300,WA,53,33,53033,7203,1,530330072031,1762,16018.2,0.11,1750,15909.1,1790.07265,0,2020,622.083539,0.06634783,76,0.11475329,4,0.3684,0.055
301,WA,53,33,53033,7203,2,530330072032,1857,16881.8,0.11,1671,15190.9,1870.00414,0,2015,499.935901,0.0573888,50,0.10904057,1,0.3684,0.055
302,WA,53,33,53033,7301,1,530330073011,1556,31120,0.05,1538,30760,1600.93763,0,2021,817.83432,0.02589621,27,0.04792242,3,0.4546,0.0583
303,WA,53,33,53033,7301,2,530330073012,1242,62100,0.02,1220,61000,1739.83333,0,2017,686.272613,0.01393145,22,0.02176654,0,0.4546,0.0583
304,WA,53,33,53033,7301,3,530330073013,990,33000,0.03,978,32600,1952.0024,0,2018,338.774438,0.01120598,14,0.02713667,0,0.4546,0.0583
305,WA,53,33,53033,7302,1,530330073021,1183,39433.3,0.03,1176,39200,1711.27423,0,2018,724.227489,0.01815292,22,0.03204064,2,0.4183,0.0578
306,WA,53,33,53033,7302,2,530330073022,2325,33214.3,0.07,2029,28985.7,1786.1963,0,2021,632.706677,0.03656598,46,0.06619454,3,0.4183,0.0578
307,WA,53,33,53033,7302,3,530330073023,2103,105150,0.02,2085,104250,1788.22291,0,2016,634.277266,0.013512,17,0.02261714,3,0.4183,0.0578
308,WA,53,33,53033,7303,1,530330073031,1537,25616.7,0.06,1440,24000,1859.97361,0,2022,544.352663,0.03437713,27,0.05926133,4,0.3669,0.059
309,WA,53,33,53033,7303,2,530330073032,1807,60233.3,0.03,1412,47066.7,1259.86268,0,2018,1012.89482,0.02108262,13,0.03228807,0,0.3669,0.059
310,WA,53,33,53033,7303,3,530330073033,1033,34433.3,0.03,1028,34266.7,1977.07408,0,2018,230.644628,0.01845343,17,0.02949765,0,0.3669,0.059
311,WA,53,33,53033,7403,1,530330074031,1368,68400,0.02,1306,65300,1853.80712,0,2015,512.28838,0.01265158,31,0.01983375,2,0.4037,0.041
312,WA,53,33,53033,7403,2,530330074032,1262,42066.7,0.03,1239,41300,1976.56354,0,2020,177.375294,0.01617341,59,0.02593897,2,0.4037,0.041
313,WA,53,33,53033,7404,1,530330074041,1522,50733.3,0.03,1509,50300,1951.50551,0,2014,184.24844,0.01583967,52,0.02766505,2,0.3983,0.0461
314,WA,53,33,53033,7404,2,530330074042,1295,43166.7,0.03,1290,43000,1941.44007,0,2017,314.082161,0.01547947,54,0.03168976,1,0.3983,0.0461
315,WA,53,33,53033,7405,1,530330074051,1426,47533.3,0.03,1421,47366.7,1744.58974,0,2021,617.196261,0.01989951,56,0.030274,3,0.3977,0.0562
316,WA,53,33,53033,7405,2,530330074052,1383,69150,0.02,1380,69000,1888.06447,0,2020,442.975587,0.0129815,54,0.02062363,1,0.3977,0.0562
317,WA,53,33,53033,7406,1,530330074061,1293,43100,0.03,1220,40666.7,1884.91356,0,2021,448.256121,0.01817548,63,0.03121398,2,0.4621,0.0493
318,WA,53,33,53033,7406,2,530330074062,1372,45733.3,0.03,1369,45633.3,1991.97971,1920,2016,13.8511082,0.01024272,31,0.02702496,4,0.4621,0.0493
319,WA,53,33,53033,7501,1,530330075011,1298,43266.7,0.03,1286,42866.7,1900.15779,0,2020,384.269411,0.02194655,106,0.03448419,0,0.5499,0.0726
320,WA,53,33,53033,7501,2,530330075012,1314,32850,0.04,1233,30825,1924.15722,0,2020,315.302931,0.0252715,124,0.03858777,1,0.5499,0.0726
321,WA,53,33,53033,7501,3,530330075013,1415,35375,0.04,1396,34900,1975.9952,0,2020,144.539166,0.02774017,93,0.04209311,3,0.5499,0.0726
322,WA,53,33,53033,7502,1,530330075021,1146,38200,0.03,1131,37700,1921.45442,0,2022,351.541822,0.01959115,72,0.03104479,0,0.4604,0.1072
323,WA,53,33,53033,7502,2,530330075022,1382,34550,0.04,1344,33600,1955.52917,0,2021,235.680533,0.02275176,99,0.03638234,1,0.4604,0.1072
324,WA,53,33,53033,7502,3,530330075023,1396,27920,0.05,999,19980,1963.02056,0,2020,258.350995,0.03863744,54,0.05455408,3,0.4604,0.1072
325,WA,53,33,53033,7503,1,530330075031,1311,26220,0.05,1252,25040,1923.05182,0,2020,384.757398,0.0287427,72,0.04635259,9,0.484,0.1036
326,WA,53,33,53033,7503,2,530330075032,1461,48700,0.03,1208,40266.7,1938.72053,0,2019,343.699596,0.01550901,40,0.02606033,5,0.484,0.1036
327,WA,53,33,53033,7600,1,530330076001,1399,19985.7,0.07,1358,19400,1941.41346,0,2022,124.990867,0.04012563,227,0.06587451,1,0.4858,0.0706
328,WA,53,33,53033,7600,2,530330076002,1671,20887.5,0.08,1552,19400,1957.24252,0,2021,220.113803,0.05715646,215,0.08242,1,0.4858,0.0706
329,WA,53,33,53033,7600,3,530330076003,1470,21000,0.07,1434,20485.7,1867.15249,0,2020,434.375767,0.04653738,188,0.07250677,1,0.4858,0.0706
330,WA,53,33,53033,7700,1,530330077001,1337,8913.3,0.15,1326,8840,1879.58422,0,2022,383.83707,0.09716744,546,0.15267916,1,0.4677,0.0386
331,WA,53,33,53033,7700,2,530330077002,1116,12400,0.09,1110,12333.3,1901.80539,0,2021,354.669475,0.05861584,336,0.08987626,2,0.4677,0.0386
332,WA,53,33,53033,7700,3,530330077003,1353,15033.3,0.09,1305,14500,1881.68272,0,2022,374.497554,0.05932849,337,0.09367418,3,0.4677,0.0386
333,WA,53,33,53033,7700,4,530330077004,1684,24057.1,0.07,1649,23557.1,1927.1883,0,2021,334.065367,0.04551494,238,0.07238713,0,0.4677,0.0386
334,WA,53,33,53033,7800,1,530330078001,1290,4161.3,0.31,1284,4141.9,1444.48047,0,2021,747.713929,0.22997645,603,0.31062141,4,0.5067,0.0459
335,WA,53,33,53033,7800,2,530330078002,1545,8131.6,0.19,1541,8110.5,1766.62168,0,2021,485.297922,0.12791454,608,0.18897813,1,0.5067,0.0459
336,WA,53,33,53033,7800,3,530330078003,1180,9833.3,0.12,1160,9666.7,1818.05802,0,2021,488.936634,0.07918748,430,0.12055695,3,0.5067,0.0459
337,WA,53,33,53033,7800,4,530330078004,1304,6863.2,0.19,1300,6842.1,1831.22529,0,2021,479.198071,0.12629113,530,0.18976277,1,0.5067,0.0459
338,WA,53,33,53033,7901,1,530330079011,1391,34775,0.04,1376,34400,1920.32945,0,2021,379.775735,0.0244716,57,0.04042926,1,0.5365,0.0529
339,WA,53,33,53033,7901,2,530330079012,1445,24083.3,0.06,1431,23850,1884.65511,0,2022,441.302158,0.03988501,119,0.06276068,2,0.5365,0.0529
340,WA,53,33,53033,7902,1,530330079021,1144,38133.3,0.03,1096,36533.3,1737.03813,0,2020,675.199858,0.0214548,59,0.0329106,1,0.4845,0.0574
341,WA,53,33,53033,7902,2,530330079022,1337,22283.3,0.06,1324,22066.7,1902.25611,0,2022,350.378013,0.04033298,175,0.05904481,0,0.4845,0.0574
342,WA,53,33,53033,7902,3,530330079023,1265,18071.4,0.07,1262,18028.6,1914.23518,0,2022,272.698706,0.05103541,301,0.07452125,1,0.4845,0.0574
343,WA,53,33,53033,8002,1,530330080021,1359,67950,0.02,1347,67350,1990.14738,1960,2015,14.2395332,0.01178769,24,0.01982211,3,0.5032,0.0527
344,WA,53,33,53033,8002,2,530330080022,1435,28700,0.05,1393,27860,1656.09241,0,2014,744.397989,0.02376491,35,0.04602467,3,0.5032,0.0527
345,WA,53,33,53033,8002,3,530330080023,1843,92150,0.02,1679,83950,1860.2445,0,2018,505.286514,0.01417107,40,0.02462528,2,0.5032,0.0527
346,WA,53,33,53033,8003,1,530330080031,1428,47600,0.03,1417,47233.3,1772.9575,0,2018,631.830393,0.01492956,43,0.02676269,9,0.4618,0.0493
347,WA,53,33,53033,8003,2,530330080032,1572,78600,0.02,1468,73400,1843.38053,0,2017,533.889495,0.01122068,22,0.02121954,0,0.4618,0.0493
348,WA,53,33,53033,8003,3,530330080033,1353,45100,0.03,1234,41133.3,1832.58279,0,2019,557.292355,0.01472891,21,0.0281493,0,0.4618,0.0493
349,WA,53,33,53033,8004,1,530330080041,1363,136300,0.01,1307,130700,1952.4837,500.80956,2011,274.6965,0.0080557,14,0.01422953,0,0.3846,0.0587
350,WA,53,33,53033,8004,2,530330080042,961,48050,0.02,956,47800,1790.39831,0,2014,632.347514,0.00997761,15,0.01990608,1,0.3846,0.0587
351,WA,53,33,53033,8004,3,530330080043,1156,14450,0.08,1147,14337.5,1334.56036,0,2018,871.476592,0.04234235,24,0.07556006,1,0.3846,0.0587
352,WA,53,33,53033,8101,1,530330081011,896,22400,0.04,871,21775,1592.52497,0,2016,811.4345,0.02316155,28,0.03805821,10,0.5317,0.0798
353,WA,53,33,53033,8101,2,530330081012,1352,67600,0.02,1032,51600,1733.3757,0,2021,667.808501,0.01296701,24,0.02269806,1,0.5317,0.0798
354,WA,53,33,53033,8101,3,530330081013,909,22725,0.04,905,22625,1093.12724,0,2018,813.785168,0.02962592,24,0.04342952,2,0.5317,0.0798
355,WA,53,33,53033,8102,1,530330081021,1674,16740,0.1,1521,15210,1731.71898,0,2016,574.245658,0.06164801,66,0.10047242,5,0.4722,0.0624
356,WA,53,33,53033,8102,2,530330081022,1491,13554.5,0.11,1484,13490.9,1517.96627,0,2022,784.46809,0.06591038,83,0.11428557,9,0.4722,0.0624
357,WA,53,33,53033,8200,1,530330082001,1894,21044.4,0.09,1878,20866.7,1823.41588,0,2017,520.248131,0.05464081,48,0.09352232,6,0.5092,0.051
358,WA,53,33,53033,8200,2,530330082002,1377,45900,0.03,1369,45633.3,1917.22479,0,2021,412.134401,0.01250942,15,0.02672933,1,0.5092,0.051
359,WA,53,33,53033,8200,3,530330082003,1583,79150,0.02,1555,77750,1670.36026,0,2014,768.154923,0.01218842,12,0.02486181,1,0.5092,0.051
360,WA,53,33,53033,8300,1,530330083001,2101,42020,0.05,2063,41260,1981.11195,0,2021,188.282215,0.02983442,34,0.04741682,2,0.4705,0.0581
361,WA,53,33,53033,8300,2,530330083002,1359,33975,0.04,1354,33850,1138.69441,0,2014,1008.93667,0.02117155,24,0.0444578,2,0.4705,0.0581
362,WA,53,33,53033,8401,1,530330084011,992,33066.7,0.03,989,32966.7,1777.01784,0,2019,429.216699,0.0225148,28,0.03386198,3,0.3972,0.0483
363,WA,53,33,53033,8401,2,530330084012,1280,64000,0.02,1168,58400,1935.44922,0,2020,354.454196,0.01102251,19,0.01908459,1,0.3972,0.0483
364,WA,53,33,53033,8401,3,530330084013,1319,32975,0.04,1312,32800,1905.76809,0,2021,429.783693,0.02836138,22,0.04392559,0,0.3972,0.0483
365,WA,53,33,53033,8402,1,530330084021,1081,54050,0.02,1075,53750,1902.48016,0,2011,422.848673,0.01286254,39,0.02075364,3,0.4187,0.0398
366,WA,53,33,53033,8402,2,530330084022,934,46700,0.02,909,45450,1957.41863,0,2022,297.512038,0.00894469,24,0.01704892,5,0.4187,0.0398
367,WA,53,33,53033,8402,3,530330084023,1044,52200,0.02,1028,51400,1873.63097,0,2017,500.343362,0.01097704,29,0.01836166,2,0.4187,0.0398
368,WA,53,33,53033,8500,1,530330085001,1654,27566.7,0.06,1305,21750,1699.37317,0,2021,722.72335,0.03191601,38,0.06012249,0,0.5345,0.0473
369,WA,53,33,53033,8500,2,530330085002,1989,33150,0.06,1973,32883.3,1706.59682,0,2018,727.459446,0.03494239,28,0.0584601,1,0.5345,0.0473
370,WA,53,33,53033,8500,3,530330085003,1262,21033.3,0.06,1186,19766.7,1504.8073,0,2009,852.866325,0.02813327,16,0.05554326,1,0.5345,0.0473
371,WA,53,33,53033,8600,1,530330086001,1694,18822.2,0.09,1643,18255.6,1943.7717,0,2021,286.724592,0.05598438,187,0.08562914,1,0.5072,0.049
372,WA,53,33,53033,8600,2,530330086002,2128,23644.4,0.09,2113,23477.8,1644.97893,0,2022,758.430214,0.05621901,144,0.08739551,1,0.5072,0.049
373,WA,53,33,53033,8600,3,530330086003,2394,34200,0.07,2405,34357.1,1949.0962,0,2021,340.724722,0.06144155,27,0.07442711,1,0.5072,0.049
374,WA,53,33,53033,8600,4,530330086004,1483,49433.3,0.03,1478,49266.7,1959.54798,0,2016,256.143764,0.01600561,50,0.02720175,0,0.5072,0.049
375,WA,53,33,53033,8700,1,530330087001,1516,11661.5,0.13,1427,10976.9,1836.67732,0,2022,484.817823,0.08856648,378,0.13257501,1,0.4778,0.058
376,WA,53,33,53033,8700,2,530330087002,1309,21816.7,0.06,1284,21400,1872.0353,0,2021,437.308314,0.04078579,208,0.06332928,1,0.4778,0.058
377,WA,53,33,53033,8700,3,530330087003,1616,17955.6,0.09,1533,17033.3,1891.51039,0,2022,384.118959,0.05825345,291,0.0869022,1,0.4778,0.058
378,WA,53,33,53033,8800,1,530330088001,1445,11115.4,0.13,1428,10984.6,1890.87352,0,2022,324.842696,0.08327802,507,0.12753084,1,0.4526,0.049
379,WA,53,33,53033,8800,2,530330088002,1338,8362.5,0.16,1301,8131.3,1786.21392,0,2021,558.305559,0.11034401,420,0.15594792,3,0.4526,0.049
380,WA,53,33,53033,8800,3,530330088003,1130,14125,0.08,1093,13662.5,1884.90845,0,2022,357.253823,0.05321816,307,0.08276334,1,0.4526,0.049
381,WA,53,33,53033,8900,1,530330089001,1291,7594.1,0.17,1280,7529.4,1175.73233,0,2021,895.799388,0.11585297,387,0.1693546,1,0.5372,0.0776
382,WA,53,33,53033,8900,2,530330089002,1493,12441.7,0.12,1449,12075,1884.80308,0,2022,389.037771,0.07663769,413,0.117692,0,0.5372,0.0776
383,WA,53,33,53033,8900,3,530330089003,2491,22645.5,0.11,1441,13100,1785.42324,0,2021,574.822279,0.07573582,312,0.11351323,1,0.5372,0.0776
384,WA,53,33,53033,8900,4,530330089004,1459,16211.1,0.09,1455,16166.7,1891.09219,0,2021,401.412951,0.06080911,330,0.0897809,0,0.5372,0.0776
385,WA,53,33,53033,9000,1,530330090001,1580,10533.3,0.15,1533,10220,1628.76415,0,2022,763.605687,0.09906157,240,0.15478245,2,0.5989,0.0687
386,WA,53,33,53033,9000,2,530330090002,1633,23328.6,0.07,1613,23042.9,1873.39348,0,2020,441.104211,0.04602846,135,0.06618702,1,0.5989,0.0687
387,WA,53,33,53033,9000,3,530330090003,1163,10572.7,0.11,1138,10345.5,1580.5434,0,2021,791.289149,0.0549437,179,0.10950276,2,0.5989,0.0687
388,WA,53,33,53033,9100,1,530330091001,1902,15850,0.12,1292,10766.7,1288.68118,0,2021,960.440794,0.06267728,97,0.11605373,6,0.4843,0.0536
389,WA,53,33,53033,9100,2,530330091002,1969,49225,0.04,1643,41075,1767.7201,0,2017,630.307596,0.0253293,47,0.04250518,3,0.4843,0.0536
390,WA,53,33,53033,9200,1,530330092001,2016,40320,0.05,1760,35200,1284.53646,0,2021,966.544337,0.02287474,50,0.051512,1,0.5674,0.0691
391,WA,53,33,53033,9200,2,530330092002,1618,20225,0.08,1614,20175,1020.60635,0,2021,910.021235,0.04822451,101,0.07903999,7,0.5674,0.0691
392,WA,53,33,53033,9300,1,530330093001,1041,3589.7,0.29,917,3162.1,1598.9958,0,2021,787.233455,0.13780085,111,0.29233507,1,0.4169,0.0569
393,WA,53,33,53033,9300,2,530330093002,1488,1730.2,0.86,1435,1668.6,1411.88451,0,2018,837.874884,0.62728752,140,0.86028038,3,0.4169,0.0569
394,WA,53,33,53033,9300,3,530330093003,1275,512,2.49,1259,505.6,1441.79703,0,2021,864.045254,1.67036122,1097,2.49149357,7,0.4169,0.0569
395,WA,53,33,53033,9400,1,530330094001,1288,21466.7,0.06,1233,20550,1932.06098,0,2022,306.337032,0.03942194,162,0.05853872,0,0.4715,0.0458
396,WA,53,33,53033,9400,2,530330094002,1643,8647.4,0.19,1471,7742.1,1800.40404,0,2022,545.576258,0.11734448,431,0.18969957,0,0.4715,0.0458
397,WA,53,33,53033,9400,3,530330094003,1411,14110,0.1,1266,12660,1947.49132,0,2022,167.085671,0.0626216,276,0.09876598,1,0.4715,0.0458
398,WA,53,33,53033,9400,4,530330094004,1405,7025,0.2,1369,6845,1721.42285,0,2022,666.770844,0.06797791,254,0.19889926,1,0.4715,0.0458
399,WA,53,33,53033,9400,5,530330094005,1289,11718.2,0.11,1227,11154.5,1474.34609,0,2021,862.97866,0.06113948,191,0.10515883,3,0.4715,0.0458
400,WA,53,33,53033,9500,1,530330095001,1715,6351.9,0.27,1704,6311.1,1683.503,0,2021,598.900296,0.17045671,654,0.26585023,2,0.5567,0.051
401,WA,53,33,53033,9500,2,530330095002,1936,6453.3,0.3,1861,6203.3,1698.08544,0,2022,687.382325,0.17340867,541,0.2988011,5,0.5567,0.051
402,WA,53,33,53033,9500,3,530330095003,1496,5753.8,0.26,1435,5519.2,1441.33989,0,2021,795.877582,0.18499242,563,0.26155094,2,0.5567,0.051
403,WA,53,33,53033,9500,4,530330095004,1769,9827.8,0.18,1747,9705.6,1825.20923,0,2021,503.011746,0.11889592,356,0.1767177,0,0.5567,0.051
404,WA,53,33,53033,9600,1,530330096001,1530,7650,0.2,1523,7615,1390.20247,0,2021,892.830118,0.1329345,493,0.19733912,3,0.4321,0.0443
405,WA,53,33,53033,9600,2,530330096002,1524,6096,0.25,1426,5704,924.217026,0,2022,916.737208,0.18813661,382,0.25185085,2,0.4321,0.0443
406,WA,53,33,53033,9600,3,530330096003,1481,9256.3,0.16,1461,9131.3,1795.47093,0,2021,533.613131,0.1090934,491,0.16190093,0,0.4321,0.0443
407,WA,53,33,53033,9600,4,530330096004,1493,12441.7,0.12,1437,11975,1943.05654,0,2022,148.016092,0.07093885,359,0.12403556,0,0.4321,0.0443
408,WA,53,33,53033,9701,1,530330097011,1424,10953.8,0.13,1413,10869.2,1674.43803,0,2022,639.36005,0.09252497,354,0.12665324,0,0.4916,0.0314
409,WA,53,33,53033,9701,2,530330097012,1630,6037,0.27,1617,5988.9,1385.97713,0,2021,893.728908,0.2093681,602,0.27492102,1,0.4916,0.0314
410,WA,53,33,53033,9701,3,530330097013,1466,10471.4,0.14,1458,10414.3,1335.7571,0,2020,857.558959,0.09676194,311,0.13840596,2,0.4916,0.0314
411,WA,53,33,53033,9701,4,530330097014,1475,8194.4,0.18,1467,8150,1813.70885,0,2021,424.171169,0.13000918,519,0.17769712,0,0.4916,0.0314
412,WA,53,33,53033,9702,1,530330097021,1496,8800,0.17,1485,8735.3,1957.85392,0,2022,48.1178578,0.11388544,488,0.17135131,0,0.4088,0.043
413,WA,53,33,53033,9702,2,530330097022,1436,4951.7,0.29,1428,4924.1,1123.89097,0,2022,971.095637,0.23766223,577,0.29468762,2,0.4088,0.043
414,WA,53,33,53033,9702,3,530330097023,1549,7376.2,0.21,1486,7076.2,1872.7376,0,2022,396.933208,0.13326546,615,0.20627802,1,0.4088,0.043
415,WA,53,33,53033,9702,4,530330097024,1523,8015.8,0.19,1512,7957.9,1933.93037,0,2021,206.636453,0.12244747,559,0.1850162,1,0.4088,0.043
416,WA,53,33,53033,9801,1,530330098011,1169,8350,0.14,975,6964.3,1815.48038,0,2022,526.633354,0.10007425,273,0.14434276,3,0.5241,0.0907
417,WA,53,33,53033,9801,2,530330098012,1426,10185.7,0.14,1419,10135.7,1920.23087,0,2022,212.148308,0.09101908,531,0.13670715,0,0.5241,0.0907
418,WA,53,33,53033,9801,3,530330098013,1455,13227.3,0.11,1452,13200,1942.4765,0,2021,77.3644379,0.07344002,403,0.10686042,3,0.5241,0.0907
419,WA,53,33,53033,9802,1,530330098021,1131,8700,0.13,1105,8500,1922.33217,0,2020,225.841101,0.07974709,398,0.12556587,0,0.418,0.0368
420,WA,53,33,53033,9802,2,530330098022,1268,9753.8,0.13,1188,9138.5,1880.64355,0,2022,395.337043,0.08010903,357,0.12537447,0,0.418,0.0368
421,WA,53,33,53033,9802,3,530330098023,1234,11218.2,0.11,1230,11181.8,1932.53793,0,2019,193.033101,0.06574544,323,0.10515343,4,0.418,0.0368
422,WA,53,33,53033,9900,1,530330099001,1409,8806.3,0.16,1336,8350,1757.87638,0,2021,600.724257,0.09263775,439,0.16485703,0,0.4515,0.0405
423,WA,53,33,53033,9900,2,530330099002,1639,4202.6,0.39,1595,4089.7,1664.35621,0,2021,722.82644,0.34281356,201,0.39463569,0,0.4515,0.0405
424,WA,53,33,53033,9900,3,530330099003,1890,4609.8,0.41,1821,4441.5,1185.32802,0,2021,969.526996,0.32401831,808,0.41102972,1,0.4515,0.0405
425,WA,53,33,53033,9900,4,530330099004,1524,970.7,1.57,1505,958.6,1129.55738,0,2021,941.329981,1.07945661,550,1.56733151,5,0.4515,0.0405
426,WA,53,33,53033,10001,1,530330100011,1588,4071.8,0.39,1196,3066.7,1482.35671,0,2021,608.7359,0.29867847,453,0.386679,0,0.5959,0.1038
427,WA,53,33,53033,10001,2,530330100012,1604,4582.9,0.35,1613,4608.6,1594.06967,0,2020,653.321199,0.20171319,380,0.34635476,3,0.5959,0.1038
428,WA,53,33,53033,10001,3,530330100013,1985,11676.5,0.17,1717,10100,844.873729,0,2021,987.310528,0.11432011,155,0.16571786,0,0.5959,0.1038
429,WA,53,33,53033,10002,1,530330100021,1503,13663.6,0.11,1531,13918.2,1936.17163,0,2022,121.205356,0.06550562,425,0.10620487,0,0.4335,0.0365
430,WA,53,33,53033,10002,2,530330100022,1559,14172.7,0.11,1541,14009.1,1928.89253,0,2022,200.234546,0.06468704,326,0.10978135,1,0.4335,0.0365
431,WA,53,33,53033,10002,3,530330100023,1916,12773.3,0.15,1789,11926.7,1895.34312,0,2020,319.852499,0.0917788,531,0.15004448,0,0.4335,0.0365
432,WA,53,33,53033,10101,1,530330101011,1206,15075,0.08,1203,15037.5,1793.28607,0,2022,544.129071,0.06255541,189,0.08157935,2,0.5983,0.0514
433,WA,53,33,53033,10101,2,530330101012,1711,19011.1,0.09,1707,18966.7,1683.10499,0,2018,718.487124,0.06695724,164,0.09035649,0,0.5983,0.0514
434,WA,53,33,53033,10101,3,530330101013,1421,8881.3,0.16,1418,8862.5,1812.00708,0,2021,521.834859,0.11611879,497,0.16458938,3,0.5983,0.0514
435,WA,53,33,53033,10102,1,530330101021,1442,4120,0.35,1441,4117.1,1425.96194,0,2021,853.793541,0.22780486,602,0.35300271,1,0.4417,0.0446
436,WA,53,33,53033,10102,2,530330101022,1509,7545,0.2,1473,7365,1812.6495,0,2020,511.791725,0.14601339,548,0.2041292,1,0.4417,0.0446
437,WA,53,33,53033,10102,3,530330101023,1550,22142.9,0.07,1468,20971.4,1797.481,0,2021,546.392329,0.04540335,212,0.06959162,1,0.4417,0.0446
438,WA,53,33,53033,10200,1,530330102001,1598,6392,0.25,1583,6332,1814.67178,0,2021,509.182726,0.17718398,666,0.25297667,0,0.381,0.0333
439,WA,53,33,53033,10200,2,530330102002,1090,1981.8,0.55,1079,1961.8,1546.94071,0,2020,315.131032,0.5008413,421,0.55184878,1,0.381,0.0333
440,WA,53,33,53033,10200,3,530330102003,1203,10025,0.12,1205,10041.7,1905.9133,0,2021,322.960027,0.09141446,424,0.12366463,0,0.381,0.0333
441,WA,53,33,53033,10200,4,530330102004,1171,7806.7,0.15,1168,7786.7,1902.75893,0,2022,303.405356,0.09745028,501,0.15018908,1,0.381,0.0333
442,WA,53,33,53033,10301,1,530330103011,1234,8814.3,0.14,1221,8721.4,1861.25509,0,2021,401.562507,0.10121763,460,0.14152203,1,0.462,0.0426
443,WA,53,33,53033,10301,2,530330103012,1317,9407.1,0.14,1251,8935.7,1902.26544,0,2021,306.509379,0.10202853,399,0.14120853,2,0.462,0.0426
444,WA,53,33,53033,10301,3,530330103013,1406,14060,0.1,1378,13780,1855.78328,0,2022,452.540466,0.07670975,267,0.10442875,1,0.462,0.0426
445,WA,53,33,53033,10302,1,530330103021,1440,20571.4,0.07,1395,19928.6,1793.31701,0,2022,581.942703,0.04714318,128,0.06527174,1,0.4387,0.0575
446,WA,53,33,53033,10302,2,530330103022,1281,16012.5,0.08,1188,14850,1714.03609,0,2021,654.834485,0.06195356,225,0.08280505,4,0.4387,0.0575
447,WA,53,33,53033,10302,3,530330103023,1327,13270,0.1,1184,11840,1869.37942,0,2021,431.743609,0.06622417,264,0.0959859,3,0.4387,0.0575
448,WA,53,33,53033,10401,1,530330104011,1269,7050,0.18,1236,6866.7,1515.26217,0,2022,818.822476,0.12642925,478,0.17980007,0,0.4432,0.0578
449,WA,53,33,53033,10401,2,530330104012,1722,6888,0.25,1718,6872,1577.66884,0,2022,780.609837,0.17679733,602,0.24555521,1,0.4432,0.0578
450,WA,53,33,53033,10401,3,530330104013,1596,7980,0.2,1560,7800,1623.143,0,2022,748.487036,0.15197673,493,0.20393697,1,0.4432,0.0578
451,WA,53,33,53033,10402,1,530330104021,1493,6220.8,0.24,1457,6070.8,1422.13734,0,2021,887.01111,0.15701278,468,0.2416888,2,0.4337,0.0439
452,WA,53,33,53033,10402,2,530330104022,1267,7038.9,0.18,1258,6988.9,1634.56956,0,2022,721.160898,0.14204761,466,0.18276588,0,0.4337,0.0439
453,WA,53,33,53033,10402,3,530330104023,997,9063.6,0.11,990,9000,1824.91971,0,2021,490.852834,0.07582623,335,0.11242145,0,0.4337,0.0439
454,WA,53,33,53033,10402,4,530330104024,1398,9985.7,0.14,1392,9942.9,1822.53282,0,2021,484.939737,0.09219055,434,0.13606141,0,0.4337,0.0439
455,WA,53,33,53033,10501,1,530330105011,2076,29657.1,0.07,1869,26700,1859.67862,0,2021,475.040301,0.04657009,158,0.07057381,1,0.4351,0.0482
456,WA,53,33,53033,10501,2,530330105012,1540,11000,0.14,1524,10885.7,1784.32297,0,2022,560.493844,0.10077179,365,0.13883626,0,0.4351,0.0482
457,WA,53,33,53033,10501,3,530330105013,1397,17462.5,0.08,1385,17312.5,1917.84115,0,2019,349.957703,0.04526722,152,0.07708642,2,0.4351,0.0482
458,WA,53,33,53033,10502,1,530330105021,1293,10775,0.12,1247,10391.7,1903.13314,0,2019,326.22851,0.07770807,354,0.11815486,4,0.4423,0.0634
459,WA,53,33,53033,10502,2,530330105022,1221,8140,0.15,1197,7980,1932.54729,0,2020,170.726962,0.10079492,465,0.14595329,1,0.4423,0.0634
460,WA,53,33,53033,10502,3,530330105023,1303,18614.3,0.07,1301,18585.7,1910.90891,0,2021,300.157754,0.05075035,201,0.07371844,1,0.4423,0.0634
461,WA,53,33,53033,10502,4,530330105024,1682,42050,0.04,1549,38725,1829.87765,0,2018,544.768996,0.02444489,63,0.03897064,3,0.4423,0.0634
462,WA,53,33,53033,10601,1,530330106011,1358,10446.2,0.13,1308,10061.5,1954.22324,1904,2021,33.1100584,0.08514601,380,0.1258962,1,0.4006,0.0362
463,WA,53,33,53033,10601,2,530330106012,1400,10769.2,0.13,1373,10561.5,1947.23309,0,2022,164.371403,0.08455625,351,0.1263556,0,0.4006,0.0362
464,WA,53,33,53033,10601,3,530330106013,1413,8311.8,0.17,1393,8194.1,1945.4308,0,2022,176.369132,0.1186286,448,0.16829196,1,0.4006,0.0362
465,WA,53,33,53033,10602,1,530330106021,1440,8470.6,0.17,1411,8300,1862.95996,0,2020,414.513987,0.11880925,481,0.1743485,2,0.4911,0.0682
466,WA,53,33,53033,10602,2,530330106022,1382,4765.5,0.29,1360,4689.7,1543.48026,0,2022,655.587966,0.2363539,641,0.28883091,1,0.4911,0.0682
467,WA,53,33,53033,10602,3,530330106023,1242,10350,0.12,1220,10166.7,1923.7602,0,2020,227.56202,0.08139811,384,0.1170848,0,0.4911,0.0682
468,WA,53,33,53033,10701,1,530330107011,1795,8975,0.2,1780,8900,1543.86452,0,2019,818.23122,0.14815236,285,0.19639947,0,0.4246,0.0558
469,WA,53,33,53033,10701,2,530330107012,1080,7200,0.15,1077,7180,1305.23208,0,2020,934.842829,0.1206903,308,0.15417831,0,0.4246,0.0558
470,WA,53,33,53033,10701,3,530330107013,1275,6071.4,0.21,1264,6019,1321.25184,0,2020,897.897142,0.17045863,263,0.2135624,2,0.4246,0.0558
471,WA,53,33,53033,10702,1,530330107021,1190,9916.7,0.12,1187,9891.7,1688.43688,0,2021,693.705417,0.07987313,282,0.11574245,0,0.479,0.0557
472,WA,53,33,53033,10702,2,530330107022,1934,24175,0.08,1933,24162.5,1800.23279,0,2018,614.702775,0.05454778,43,0.07964588,1,0.479,0.0557
473,WA,53,33,53033,10702,3,530330107023,1486,13509.1,0.11,1416,12872.7,1935.29876,0,2020,335.009117,0.0801061,116,0.10581295,1,0.479,0.0557
474,WA,53,33,53033,10800,1,530330108001,1536,1435.5,1.07,1529,1429,1315.08544,0,2022,886.860951,0.92420145,611,1.06783658,1,0.3941,0.0542
475,WA,53,33,53033,10800,2,530330108002,1625,5416.7,0.3,1618,5393.3,1588.4714,0,2022,781.022359,0.23675961,596,0.30214465,0,0.3941,0.0542
476,WA,53,33,53033,10800,3,530330108003,1970,8565.2,0.23,1916,8330.4,1671.77897,0,2021,712.554047,0.17272485,655,0.22944162,3,0.3941,0.0542
477,WA,53,33,53033,10900,1,530330109001,742,623.5,1.19,617,518.5,1632.47578,0,2021,369.999777,0.93738708,231,1.19293161,1,0.4807,0.0796
478,WA,53,33,53033,10900,2,530330109002,807,906.7,0.89,840,943.8,1725.83234,0,2022,593.674537,0.64577502,627,0.88689871,8,0.4807,0.0796
479,WA,53,33,53033,11001,1,530330110011,1719,19100,0.09,1562,17355.6,1229.05261,0,2021,970.751869,0.06790576,202,0.09116426,0,0.5961,0.0652
480,WA,53,33,53033,11001,2,530330110012,1457,9106.3,0.16,1456,9100,1551.44148,0,2020,819.313984,0.12516887,292,0.16382263,2,0.5961,0.0652
481,WA,53,33,53033,11001,3,530330110013,1764,11025,0.16,1772,11075,1309.17958,0,2022,942.240594,0.12899237,246,0.16214706,2,0.5961,0.0652
482,WA,53,33,53033,11002,1,530330110021,1404,3265.1,0.43,1400,3255.8,1193.17472,0,2021,961.028607,0.2280644,488,0.42532948,0,0.4155,0.0466
483,WA,53,33,53033,11002,2,530330110022,1606,13383.3,0.12,1590,13250,1815.85045,0,2022,521.250163,0.08304248,356,0.12426166,0,0.4155,0.0466
484,WA,53,33,53033,11002,3,530330110023,1745,15863.6,0.11,1600,14545.5,1599.70765,0,2021,791.868787,0.08164613,194,0.11435034,1,0.4155,0.0466
485,WA,53,33,53033,11101,1,530330111011,2021,18372.7,0.11,1880,17090.9,1886.73547,0,2022,399.74969,0.0837101,250,0.11090236,1,0.463,0.0646
486,WA,53,33,53033,11101,2,530330111012,1110,18500,0.06,814,13566.7,1428.82921,0,2022,882.88065,0.04006871,99,0.05620987,1,0.463,0.0646
487,WA,53,33,53033,11101,3,530330111013,1566,13050,0.12,1524,12700,1834.09957,0,2022,470.46454,0.0930227,398,0.12236589,0,0.463,0.0646
488,WA,53,33,53033,11101,4,530330111014,1656,11040,0.15,1529,10193.3,1874.40744,0,2021,386.719515,0.10311679,451,0.14944905,0,0.463,0.0646
489,WA,53,33,53033,11102,1,530330111021,1385,5540,0.25,1367,5468,1631.62282,0,2022,602.870516,0.21516605,477,0.25025278,1,0.4448,0.0497
490,WA,53,33,53033,11102,2,530330111022,1271,11554.5,0.11,1207,10972.7,1920.77322,0,2020,292.849359,0.09044928,281,0.11020417,0,0.4448,0.0497
491,WA,53,33,53033,11102,3,530330111023,867,17340,0.05,802,16040,1826.34523,0,2019,503.035599,0.03521381,123,0.04567328,0,0.4448,0.0497
492,WA,53,33,53033,11102,4,530330111024,1283,12830,0.1,1276,12760,1910.62586,0,2017,282.14258,0.07559495,272,0.09703598,1,0.4448,0.0497
493,WA,53,33,53033,11200,1,530330112001,1467,3578,0.41,1426,3478,1391.05525,0,2021,897.018425,0.28650029,514,0.41283029,4,0.5401,0.0855
494,WA,53,33,53033,11200,2,530330112002,1274,3538.9,0.36,1252,3477.8,1703.21103,0,2021,670.659876,0.23635007,500,0.36100893,3,0.5401,0.0855
495,WA,53,33,53033,11200,3,530330112003,1122,5905.3,0.19,1058,5568.4,1731.59823,0,2022,580.24267,0.13278996,348,0.18509538,2,0.5401,0.0855
496,WA,53,33,53033,11300,1,530330113001,2126,2592.7,0.82,2107,2569.5,1390.73158,0,2022,894.068177,0.60993479,513,0.81669617,1,0.4311,0.0485
497,WA,53,33,53033,11300,2,530330113002,1243,8286.7,0.15,1213,8086.7,1935.64734,0,2022,220.097646,0.10518616,396,0.14787611,0,0.4311,0.0485
498,WA,53,33,53033,11300,3,530330113003,1008,9163.6,0.11,995,9045.5,1901.04089,0,2022,314.698045,0.07366344,339,0.10695775,0,0.4311,0.0485
499,WA,53,33,53033,11300,4,530330113004,1149,7660,0.15,1134,7560,1921.26584,0,2022,260.202582,0.10904787,427,0.15262462,1,0.4311,0.0485
500,WA,53,33,53033,11300,5,530330113005,1168,10618.2,0.11,1151,10463.6,1934.00339,0,2022,187.266076,0.0767694,397,0.11234873,0,0.4311,0.0485
501,WA,53,33,53033,11401,1,530330114011,1361,9721.4,0.14,1358,9700,1888.35053,0,2020,430.050353,0.11146221,177,0.14158038,0,0.3716,0.0406
502,WA,53,33,53033,11401,2,530330114012,1352,9657.1,0.14,1331,9507.1,1947.68064,0,2022,273.810006,0.10898795,186,0.14126143,0,0.3716,0.0406
503,WA,53,33,53033,11401,3,530330114013,1615,8500,0.19,1537,8089.5,1791.09851,0,2022,549.150085,0.13396938,586,0.19328016,0,0.3716,0.0406
504,WA,53,33,53033,11402,1,530330114021,1248,7341.2,0.17,1194,7023.5,1960.48635,0,2022,187.684322,0.12336397,271,0.16727589,0,0.4024,0.0498
505,WA,53,33,53033,11402,2,530330114022,1617,13475,0.12,1493,12441.7,1769.14133,0,2022,590.259689,0.08155547,329,0.12391963,3,0.4024,0.0498
506,WA,53,33,53033,11402,3,530330114023,1526,8976.5,0.17,1512,8894.1,1947.02972,0,2021,205.413193,0.12665609,396,0.16681671,1,0.4024,0.0498
507,WA,53,33,53033,11500,1,530330115001,1377,6557.1,0.21,1372,6533.3,1942.39703,0,2022,133.414875,0.14936126,591,0.21390173,0,0.4438,0.0467
508,WA,53,33,53033,11500,2,530330115002,1573,7490.5,0.21,1540,7333.3,1938.49088,0,2022,164.541413,0.14134221,604,0.20545918,1,0.4438,0.0467
509,WA,53,33,53033,11500,3,530330115003,1572,9247.1,0.17,1540,9058.8,1949.95816,0,2020,98.8435847,0.11925673,564,0.17461899,0,0.4438,0.0467
510,WA,53,33,53033,11601,1,530330116011,1932,6662.1,0.29,1918,6613.8,1866.115,0,2021,427.620279,0.21716444,833,0.29300012,0,0.4561,0.0767
511,WA,53,33,53033,11601,2,530330116012,1679,5416.1,0.31,1637,5280.6,1403.77063,0,2022,855.755211,0.23136467,626,0.30694736,4,0.4561,0.0767
512,WA,53,33,53033,11602,1,530330116021,1038,6920,0.15,1033,6886.7,1850.50574,0,2020,452.478565,0.11270033,406,0.15176621,0,0.4054,0.0443
513,WA,53,33,53033,11602,2,530330116022,1106,8507.7,0.13,1097,8438.5,1942.40057,0,2021,169.958103,0.08511763,457,0.12608729,0,0.4054,0.0443
514,WA,53,33,53033,11602,3,530330116023,1209,3555.9,0.34,1191,3502.9,1887.67557,0,2019,278.352709,0.29594315,378,0.338992,2,0.4054,0.0443
515,WA,53,33,53033,11700,1,530330117001,1670,7952.4,0.21,1634,7781,1304.92919,0,2020,932.690315,0.15763007,450,0.21165886,0,0.4528,0.0414
516,WA,53,33,53033,11700,2,530330117002,1462,2358.1,0.62,1442,2325.8,871.014764,0,2021,966.739512,0.41543377,614,0.6184031,1,0.4528,0.0414
517,WA,53,33,53033,11700,3,530330117003,1591,7955,0.2,1401,7005,1412.78836,0,2021,883.310221,0.13809876,497,0.19637301,0,0.4528,0.0414
518,WA,53,33,53033,11700,4,530330117004,1066,3230.3,0.33,1180,3575.8,1252.18896,0,2021,951.120702,0.2701582,468,0.33103975,0,0.4528,0.0414
519,WA,53,33,53033,11801,1,530330118011,1578,9862.5,0.16,1327,8293.8,1144.44273,0,2021,931.893823,0.12992772,389,0.16338064,1,0.4677,0.1118
520,WA,53,33,53033,11801,2,530330118012,1192,10836.4,0.11,1137,10336.4,1904.84745,0,2022,310.648768,0.08713405,359,0.11051924,0,0.4677,0.1118
521,WA,53,33,53033,11801,3,530330118013,1339,7876.5,0.17,1330,7823.5,1677.78078,0,2021,708.460699,0.14250999,218,0.17432549,1,0.4677,0.1118
522,WA,53,33,53033,11802,1,530330118021,1405,7805.6,0.18,1348,7488.9,1800.33115,0,2021,525.791412,0.13184901,535,0.18103443,0,0.5066,0.0694
523,WA,53,33,53033,11802,2,530330118022,1446,11123.1,0.13,1378,10600,1461.85145,0,2022,719.17505,0.09013096,294,0.12795126,0,0.5066,0.0694
524,WA,53,33,53033,11802,3,530330118023,1554,11953.8,0.13,1497,11515.4,1683.74258,0,2022,598.681151,0.09827631,183,0.13101301,1,0.5066,0.0694
525,WA,53,33,53033,11901,1,530330119011,1351,4825,0.28,1322,4721.4,1267.636,0,2021,942.316698,0.24078848,423,0.28119376,0,0.4885,0.1205
526,WA,53,33,53033,11901,2,530330119012,1109,6931.3,0.16,1105,6906.3,1719.41479,0,2020,641.001621,0.13313574,401,0.16486924,0,0.4885,0.1205
527,WA,53,33,53033,11901,3,530330119013,1298,6490,0.2,1291,6455,1830.80063,0,2022,492.328932,0.16065672,435,0.20354175,0,0.4885,0.1205
528,WA,53,33,53033,11902,1,530330119021,1330,8866.7,0.15,1317,8780,1913.18431,0,2019,271.536646,0.11183006,496,0.15338419,0,0.4241,0.1075
529,WA,53,33,53033,11902,2,530330119022,1329,4582.8,0.29,1317,4541.4,1344.82066,0,2021,902.548072,0.21486999,544,0.28763778,1,0.4241,0.1075
530,WA,53,33,53033,11902,3,530330119023,1239,7288.2,0.17,1235,7264.7,1884.71251,0,2015,365.427959,0.1266791,471,0.16926742,0,0.4241,0.1075
531,WA,53,33,53033,12000,1,530330120001,1235,6861.1,0.18,1184,6577.8,1946.68741,0,2019,127.26693,0.1339867,512,0.17997632,0,0.3734,0.059
532,WA,53,33,53033,12000,2,530330120002,1237,6185,0.2,1221,6105,1928.78879,0,2022,261.644203,0.14103741,505,0.19641462,0,0.3734,0.059
533,WA,53,33,53033,12000,3,530330120003,1160,6444.4,0.18,1155,6416.7,1921.75831,0,2020,272.452289,0.12758323,470,0.17846365,0,0.3734,0.059
534,WA,53,33,53033,12100,1,530330121001,1188,3600,0.33,1180,3575.8,1458.11355,0,2021,755.192557,0.28390068,540,0.33340101,1,0.4365,0.0709
535,WA,53,33,53033,12100,2,530330121002,1618,4758.8,0.34,1613,4744.1,1674.07461,0,2021,671.361475,0.27215026,687,0.33765635,1,0.4365,0.0709
583,WA,53,33,53033,26500,1,530330265001,1739,4241.5,0.41,1629,3973.2,641.127861,0,2017,943.62316,0.10935641,37,0.41130437,1,0.4837,0.0511
