OBJECTID,State Abbreviation,State FIPS Code,County FIPS Code,State and County FIPS Code,Tract FIPS Code,Block Group FIPS Code,FIPS Code,2022 Total Population,Persons per square mile,Area in square miles,2020 Total Population,2020 Population Density,Sum Planning Existing Land Use Code,Summarized Area in Square Miles,Count of Polygons,JOIN ID,Area in Square Miles,Count of Points,Percent Neutral Ground
1,WA,53,33,53033,101,1,530330001011,1266,21100,0.06,1249,20816.7,383,0.04148736,136,1,0.05564967,0,23.54600074
2,WA,53,33,53033,101,2,530330001012,1403,35075,0.04,1398,34950,244,0.03284496,55,2,0.04004576,1,9.43893191
3,WA,53,33,53033,101,3,530330001013,1123,18716.7,0.06,1112,18533.3,451,0.04804217,111,3,0.06447776,0,9.93620785
4,WA,53,33,53033,102,1,530330001021,1391,3974.3,0.35,1385,3957.1,1359.034889,0.28899728,614,4,0.34512041,1,3.00911802
5,WA,53,33,53033,102,2,530330001022,1245,7323.5,0.17,1237,7276.5,1061.681424,0.13848038,427,5,0.16866127,1,10.97173162
6,WA,53,33,53033,102,3,530330001023,1754,29233.3,0.06,1699,28316.7,745.318576,0.04938704,128,6,0.06349113,2,34.34993063
7,WA,53,33,53033,201,1,530330002011,1296,3600,0.36,1289,3580.6,731.2282109,0.32548337,166,7,0.35615889,1,71.73478213
8,WA,53,33,53033,201,2,530330002012,1796,9452.6,0.19,1698,8936.8,724,0.15110816,389,8,0.18856775,0,7.21421325
9,WA,53,33,53033,201,3,530330002013,1441,9606.7,0.15,1429,9526.7,595.7717891,0.12385503,311,9,0.15288979,0,14.55395753
10,WA,53,33,53033,202,1,530330002021,1292,6800,0.19,1289,6784.2,666,0.14519199,499,10,0.19114485,0,0.63113364
11,WA,53,33,53033,202,2,530330002022,1498,7884.2,0.19,1442,7589.5,964,0.14696702,406,11,0.19035174,3,5.1632905
12,WA,53,33,53033,202,3,530330002023,1410,7421.1,0.19,1368,7200,674,0.13852703,504,12,0.18996251,0,0
13,WA,53,33,53033,300,1,530330003001,1385,4616.7,0.3,1370,4566.7,876.0093187,0.19447201,531,13,0.30438396,0,2.24716809
14,WA,53,33,53033,300,2,530330003002,1520,9500,0.16,1450,9062.5,1363,0.11180473,597,14,0.16319325,0,5.84979521
15,WA,53,33,53033,402,1,530330004021,1411,11758.3,0.12,1401,11675,567,0.09264861,303,15,0.12407623,1,2.80732162
16,WA,53,33,53033,402,2,530330004022,1516,4458.8,0.34,1461,4297.1,1026,0.27676611,477,16,0.33561486,1,39.92794524
17,WA,53,33,53033,402,3,530330004023,1282,10683.3,0.12,1274,10616.7,593,0.08895086,338,17,0.12460185,0,4.15993779
18,WA,53,33,53033,402,4,530330004024,1075,9772.7,0.11,1038,9436.4,358,0.07842188,247,18,0.11027594,1,2.5179523
19,WA,53,33,53033,403,1,530330004031,1566,9787.5,0.16,1542,9637.5,842,0.11946018,428,19,0.15712635,1,3.7865637
20,WA,53,33,53033,403,2,530330004032,1539,11838.5,0.13,1532,11784.6,421,0.11065364,141,20,0.12560527,1,9.31042713
21,WA,53,33,53033,404,1,530330004041,1581,22585.7,0.07,1565,22357.1,422,0.05631671,121,21,0.07201328,0,21.61219767
22,WA,53,33,53033,404,2,530330004042,1184,9866.7,0.12,1135,9458.3,433,0.09997343,232,22,0.12207794,2,9.24569473
23,WA,53,33,53033,404,3,530330004043,1393,27860,0.05,1367,27340,126,0.04033724,17,23,0.04954385,1,60.30192002
24,WA,53,33,53033,500,1,530330005001,1748,2241,0.78,1737,2226.9,1687.402435,0.69339152,782,24,0.78349064,1,14.88679234
25,WA,53,33,53033,500,2,530330005002,1676,5078.8,0.33,1663,5039.4,1205.495769,0.25565907,694,25,0.33438925,0,4.01424294
26,WA,53,33,53033,601,1,530330006011,1483,14830,0.1,1459,14590,996,0.07489398,361,26,0.09590013,0,4.58364625
27,WA,53,33,53033,601,2,530330006012,1249,4163.3,0.3,1243,4143.3,963,0.20023111,503,27,0.29718529,1,13.00352333
28,WA,53,33,53033,601,3,530330006013,1423,8893.8,0.16,1372,8575,627,0.12511183,384,28,0.15956236,0,2.1967118
29,WA,53,33,53033,602,1,530330006021,1263,3946.9,0.32,1255,3921.9,911.9906813,0.26425532,472,29,0.32070321,0,18.55091893
30,WA,53,33,53033,602,2,530330006022,1456,4412.1,0.33,1441,4366.7,1315.772737,0.28226884,489,30,0.32878994,1,18.29862676
31,WA,53,33,53033,602,3,530330006023,1378,4921.4,0.28,1310,4678.6,889.2272628,0.24956835,227,31,0.28132715,0,56.30630555
32,WA,53,33,53033,700,1,530330007001,1255,8366.7,0.15,1244,8293.3,732,0.11158526,384,32,0.14905167,1,5.20100025
33,WA,53,33,53033,700,2,530330007002,1367,6509.5,0.21,1353,6442.9,1005.70303,0.15454916,505,33,0.21118953,0,5.10461189
34,WA,53,33,53033,700,3,530330007003,1248,20800,0.06,1239,20650,669,0.04171151,134,34,0.06383383,3,23.79091989
35,WA,53,33,53033,700,4,530330007004,1405,17562.5,0.08,1368,17100,1078.29697,0.05385225,316,35,0.07567437,0,2.99207805
36,WA,53,33,53033,800,1,530330008001,1237,6510.5,0.19,1229,6468.4,828,0.13956789,502,36,0.18833369,0,2.97975662
37,WA,53,33,53033,800,2,530330008002,1511,6044,0.25,1464,5856,828,0.20378488,570,37,0.25258793,0,7.26996929
38,WA,53,33,53033,900,1,530330009001,1152,5760,0.2,1147,5735,888.7354003,0.15421571,486,38,0.20177397,0,3.23815366
39,WA,53,33,53033,900,2,530330009002,933,4910.5,0.19,929,4889.5,615.3242462,0.1550221,418,39,0.18621683,1,16.83002607
40,WA,53,33,53033,1000,1,530330010001,977,6978.6,0.14,975,6964.3,630,0.11276224,285,40,0.14333388,2,3.12259828
41,WA,53,33,53033,1000,2,530330010002,1039,4517.4,0.23,1037,4508.7,824,0.18848947,389,41,0.22508005,1,18.77650349
42,WA,53,33,53033,1100,1,530330011001,1410,7050,0.2,1400,7000,906,0.14865134,464,42,0.19807011,0,2.53264473
43,WA,53,33,53033,1100,2,530330011002,1323,6300,0.21,1311,6242.9,978,0.1659885,477,43,0.21146502,0,13.89470491
44,WA,53,33,53033,1201,1,530330012011,1473,14730,0.1,1460,14600,533,0.07900009,141,44,0.09502891,1,27.13599286
45,WA,53,33,53033,1201,2,530330012012,1401,15566.7,0.09,1394,15488.9,595,0.05555171,168,45,0.0941119,0,3.695286
46,WA,53,33,53033,1201,3,530330012013,971,4855,0.2,927,4635,237.0655456,0.13268755,44,46,0.20014348,0,32.07585223
47,WA,53,33,53033,1202,1,530330012021,1215,7593.8,0.16,1131,7068.8,774,0.11715627,420,47,0.15893537,1,6.57715937
48,WA,53,33,53033,1202,2,530330012022,1149,12766.7,0.09,1142,12688.9,439,0.07686035,247,48,0.09496317,1,9.31223052
49,WA,53,33,53033,1202,3,530330012023,1611,26850,0.06,1607,26783.3,393,0.0524711,97,49,0.06325441,2,28.21252545
50,WA,53,33,53033,1300,1,530330013001,1853,9752.6,0.19,1824,9600,1120.824422,0.13990582,505,50,0.19402838,2,12.50095113
51,WA,53,33,53033,1300,2,530330013002,1540,17111.1,0.09,1549,17211.1,1108,0.06176358,398,51,0.09452056,0,8.90942011
52,WA,53,33,53033,1300,3,530330013003,1721,10123.5,0.17,1712,10070.6,1604,0.12028273,453,52,0.16737506,1,8.14596909
53,WA,53,33,53033,1400,1,530330014001,1157,9641.7,0.12,1151,9591.7,617,0.08757122,357,53,0.12467964,0,1.6388543
54,WA,53,33,53033,1400,2,530330014002,1408,7040,0.2,1363,6815,981.2397852,0.14799224,436,54,0.19869067,1,19.32030279
55,WA,53,33,53033,1400,3,530330014003,1292,8613.3,0.15,1256,8373.3,1131.656987,0.11221082,430,55,0.14625104,0,14.1167057
56,WA,53,33,53033,1400,4,530330014004,1542,4283.3,0.36,1528,4244.4,758.0846923,0.30713991,586,56,0.36136016,1,34.31533187
57,WA,53,33,53033,1500,1,530330015001,1300,6500,0.2,1290,6450,955,0.15188437,527,57,0.2016716,1,6.88851395
58,WA,53,33,53033,1500,2,530330015002,1416,5664,0.25,1389,5556,1416.502837,0.19210226,589,58,0.24878925,0,0.95508638
59,WA,53,33,53033,1600,1,530330016001,1465,3959.5,0.37,1461,3948.6,1368.920235,0.30670865,635,59,0.37348467,0,1.0645618
60,WA,53,33,53033,1600,2,530330016002,1449,5573.1,0.26,1445,5557.7,661.6821813,0.19452742,574,60,0.25540875,0,6.43259411
61,WA,53,33,53033,1600,3,530330016003,1743,12450,0.14,1598,11414.3,2457,0.10269631,646,61,0.14444297,1,11.04990406
62,WA,53,33,53033,1701,1,530330017011,1934,14876.9,0.13,1748,13446.2,871,0.08969211,302,62,0.12500593,1,25.39664824
63,WA,53,33,53033,1701,2,530330017012,1347,11225,0.12,1340,11166.7,806.961615,0.08401072,350,63,0.11770609,1,5.78666095
64,WA,53,33,53033,1701,3,530330017013,1163,11630,0.1,1164,11640,751.038385,0.06483136,368,64,0.10198693,0,3.89374762
65,WA,53,33,53033,1702,1,530330017021,1367,15188.9,0.09,1337,14855.6,768,0.05993112,293,65,0.08581186,0,8.28494109
66,WA,53,33,53033,1702,2,530330017022,1140,8769.2,0.13,1132,8707.7,879,0.09243121,461,66,0.12544127,0,14.70238835
67,WA,53,33,53033,1702,3,530330017023,1295,11772.7,0.11,1294,11763.6,769,0.0815613,383,67,0.11364675,0,1.8915152
68,WA,53,33,53033,1702,4,530330017024,1576,9270.6,0.17,1564,9200,911,0.11845211,495,68,0.16940908,1,6.25156692
69,WA,53,33,53033,1800,1,530330018001,1728,10800,0.16,1709,10681.3,1286.175578,0.12179093,559,69,0.16406338,0,0.92313323
70,WA,53,33,53033,1800,2,530330018002,1802,20022.2,0.09,1690,18777.8,2262,0.06466564,636,70,0.09424446,0,8.07581016
71,WA,53,33,53033,1800,3,530330018003,1757,15972.7,0.11,1710,15545.5,2008,0.0757682,604,71,0.10698303,0,3.26319164
72,WA,53,33,53033,1900,1,530330019001,1619,10118.8,0.16,1610,10062.5,1087,0.12956316,580,72,0.16001114,0,4.9005298
73,WA,53,33,53033,1900,2,530330019002,1429,7521.1,0.19,1416,7452.6,665,0.11599932,532,73,0.18800991,0,0.33403373
74,WA,53,33,53033,1900,3,530330019003,1164,38800,0.03,719,23966.7,91.91081077,0.03972719,10,74,0.03135505,0,68.30801434
75,WA,53,33,53033,1900,4,530330019004,1220,4692.3,0.26,1214,4669.2,617.0236436,0.19962733,251,75,0.26437379,0,1.07177745
76,WA,53,33,53033,2000,1,530330020001,1394,10723.1,0.13,1376,10584.6,578,0.09757387,397,76,0.12801713,0,3.23645655
77,WA,53,33,53033,2000,2,530330020002,1228,8186.7,0.15,1184,7893.3,686,0.10920627,444,77,0.149787,0,5.63571052
78,WA,53,33,53033,2000,3,530330020003,1194,7462.5,0.16,1163,7268.8,809,0.1345386,420,78,0.15924771,1,27.50923836
79,WA,53,33,53033,2100,1,530330021001,1428,7515.8,0.19,1425,7500,677,0.14297851,531,79,0.19441481,0,1.37871182
80,WA,53,33,53033,2100,2,530330021002,1376,7242.1,0.19,1365,7184.2,743.8641224,0.13794449,429,80,0.1864167,0,3.4045444
81,WA,53,33,53033,2100,3,530330021003,1711,11406.7,0.15,1633,10886.7,1514.135878,0.10656701,529,81,0.14637598,3,3.02239539
82,WA,53,33,53033,2200,1,530330022001,1575,6562.5,0.24,1572,6550,767,0.17421463,602,82,0.2378807,0,0.62504454
83,WA,53,33,53033,2200,2,530330022002,1506,6845.5,0.22,1503,6831.8,964,0.17067836,574,83,0.21923105,2,5.1380043
84,WA,53,33,53033,2200,3,530330022003,1603,6412,0.25,1597,6388,1092.968156,0.19095372,566,84,0.24555542,1,10.29834173
85,WA,53,33,53033,2200,4,530330022004,1333,3507.9,0.38,1276,3357.9,768.3976343,0.32620758,459,85,0.37997924,1,46.7076733
86,WA,53,33,53033,2400,1,530330024001,1536,7314.3,0.21,1509,7185.7,779.1198629,0.15990523,612,86,0.21499627,0,1.84353484
87,WA,53,33,53033,2400,2,530330024002,1729,10806.3,0.16,1708,10675,684,0.11071012,499,87,0.15664517,0,1.38021843
88,WA,53,33,53033,2500,1,530330025001,1610,6708.3,0.24,1589,6620.8,953,0.17559601,647,88,0.24015551,0,14.03473864
89,WA,53,33,53033,2500,2,530330025002,1617,11550,0.14,1566,11185.7,1277,0.10010138,521,89,0.13990267,2,8.51599392
90,WA,53,33,53033,2600,1,530330026001,1150,12777.8,0.09,1141,12677.8,731,0.06027461,405,90,0.09473581,1,4.69969247
91,WA,53,33,53033,2600,2,530330026002,1585,9906.3,0.16,1465,9156.3,785,0.11385755,545,91,0.15703944,0,20.39432458
92,WA,53,33,53033,2600,3,530330026003,1996,15353.8,0.13,1710,13153.8,1494,0.08937259,457,92,0.1261892,1,5.19398218
93,WA,53,33,53033,2600,4,530330026004,1046,10460,0.1,1039,10390,711,0.06382186,407,93,0.10264135,1,3.17334741
94,WA,53,33,53033,2700,1,530330027001,1575,11250,0.14,1571,11221.4,726,0.09544798,539,94,0.1398527,0,5.19683916
95,WA,53,33,53033,2700,2,530330027002,1546,8136.8,0.19,1489,7836.8,747,0.09780094,553,95,0.19072793,0,1.02657937
96,WA,53,33,53033,2700,3,530330027003,1185,9875,0.12,1163,9691.7,632,0.08621539,402,96,0.12181855,0,0.76615275
97,WA,53,33,53033,2700,4,530330027004,1659,10368.8,0.16,1653,10331.3,1301,0.10457894,600,97,0.1594931,0,9.86946389
98,WA,53,33,53033,2800,1,530330028001,1255,12550,0.1,1255,12550,721,0.06908028,469,98,0.10193981,2,4.63776546
99,WA,53,33,53033,2800,2,530330028002,1292,12920,0.1,1283,12830,752,0.06759706,467,99,0.10016679,2,4.74988642
100,WA,53,33,53033,2800,3,530330028003,1254,15675,0.08,1230,15375,646,0.05053498,360,100,0.07760278,0,4.94660797
101,WA,53,33,53033,2800,4,530330028004,1195,11950,0.1,1188,11880,854,0.07026933,447,101,0.10187781,3,6.47857642
102,WA,53,33,53033,2900,1,530330029001,1709,12207.1,0.14,1701,12150,1232,0.09319764,560,102,0.13925213,2,8.71503272
103,WA,53,33,53033,2900,2,530330029002,1549,11915.4,0.13,1514,11646.2,809,0.08728104,573,103,0.12763193,1,3.26179472
104,WA,53,33,53033,2900,3,530330029003,1496,13600,0.11,1475,13409.1,867,0.07936748,561,104,0.11386433,2,0.73088553
105,WA,53,33,53033,3000,1,530330030001,1768,11050,0.16,1750,10937.5,865,0.10733658,678,105,0.15861977,1,1.12566624
106,WA,53,33,53033,3000,2,530330030002,1594,11385.7,0.14,1536,10971.4,2128,0.09788747,806,106,0.1416595,1,7.29572542
107,WA,53,33,53033,3000,3,530330030003,1815,12100,0.15,1776,11840,1246,0.10544304,663,107,0.15090199,0,3.90180106
108,WA,53,33,53033,3000,4,530330030004,1444,11107.7,0.13,1431,11007.7,905,0.08413116,563,108,0.12539729,1,2.04020799
109,WA,53,33,53033,3100,1,530330031001,1246,10383.3,0.12,1216,10133.3,686,0.08032472,481,109,0.11807073,1,3.76094823
110,WA,53,33,53033,3100,2,530330031002,1182,9850,0.12,1181,9841.7,647,0.08101043,493,110,0.11985581,0,0.24458646
111,WA,53,33,53033,3100,3,530330031003,1285,11681.8,0.11,1277,11609.1,665,0.08082714,447,111,0.11413731,1,9.47265779
112,WA,53,33,53033,3100,4,530330031004,1523,10153.3,0.15,1519,10126.7,616,0.09937045,572,112,0.1485328,0,0.38536993
113,WA,53,33,53033,3100,5,530330031005,1370,3805.6,0.36,1352,3755.6,907.259244,0.29429711,573,113,0.35627393,3,34.73248812
114,WA,53,33,53033,3201,1,530330032011,1384,9226.7,0.15,1377,9180,1185.126589,0.11760539,321,114,0.15375888,1,23.56239366
115,WA,53,33,53033,3201,2,530330032012,1863,7165.4,0.26,1857,7142.3,1006.780841,0.19957586,481,115,0.2569853,0,20.00846199
116,WA,53,33,53033,3201,3,530330032013,1495,37375,0.04,1490,37250,974,0.02484894,234,116,0.03838871,0,12.60981389
117,WA,53,33,53033,3202,1,530330032021,1679,13991.7,0.12,1652,13766.7,1172,0.08004262,599,117,0.11802702,0,0.6498738
118,WA,53,33,53033,3202,2,530330032022,1809,16445.5,0.11,1741,15827.3,1551,0.07181643,535,118,0.10588204,2,5.72656993
119,WA,53,33,53033,3202,3,530330032023,1408,9386.7,0.15,1388,9253.3,763,0.100368,527,119,0.14518572,1,1.97439631
120,WA,53,33,53033,3301,1,530330033011,1325,14722.2,0.09,1305,14500,1060,0.0599011,403,120,0.08708117,0,8.38814542
121,WA,53,33,53033,3301,2,530330033012,1656,20700,0.08,1608,20100,2206,0.05269325,621,121,0.08022418,1,3.57481404
122,WA,53,33,53033,3301,3,530330033013,1467,16300,0.09,1438,15977.8,1038,0.06267164,420,122,0.09107893,2,8.84782325
123,WA,53,33,53033,3302,1,530330033021,1300,13000,0.1,1273,12730,655,0.07185087,469,123,0.10342,0,1.45402288
124,WA,53,33,53033,3302,2,530330033022,1072,17866.7,0.06,1052,17533.3,843,0.04233584,304,124,0.06469533,0,1.11253977
125,WA,53,33,53033,3302,3,530330033023,1173,16757.1,0.07,1141,16300,1245,0.0534465,339,125,0.07400083,0,3.87879018
126,WA,53,33,53033,3400,1,530330034001,1204,12040,0.1,1196,11960,766,0.07092152,434,126,0.10160888,2,4.05620666
127,WA,53,33,53033,3400,2,530330034002,1275,12750,0.1,1257,12570,645,0.07031773,473,127,0.0980601,1,2.37735138
128,WA,53,33,53033,3400,3,530330034003,1124,11240,0.1,1107,11070,775,0.06887657,388,128,0.10425092,0,0.87542664
129,WA,53,33,53033,3500,1,530330035001,1614,12415.4,0.13,1567,12053.8,880,0.08768151,529,129,0.1304986,1,3.34257124
130,WA,53,33,53033,3500,2,530330035002,1510,11615.4,0.13,1489,11453.8,885.1536633,0.08004617,499,130,0.13358365,0,3.8587244
131,WA,53,33,53033,3500,3,530330035003,1170,5087,0.23,1154,5017.4,549.9991966,0.19054863,313,131,0.23195847,1,62.05709972
132,WA,53,33,53033,3601,1,530330036011,1325,14722.2,0.09,1265,14055.6,853,0.04561703,344,132,0.09488888,4,4.53009378
133,WA,53,33,53033,3601,2,530330036012,1414,11783.3,0.12,1398,11650,649,0.08087849,484,133,0.12382424,0,1.54282058
134,WA,53,33,53033,3601,3,530330036013,1189,29725,0.04,1175,29375,704,0.02661771,191,134,0.04156146,0,12.68351719
135,WA,53,33,53033,3602,1,530330036021,2135,30500,0.07,1818,25971.4,577,0.033373,176,135,0.06575924,0,12.66578938
136,WA,53,33,53033,3602,2,530330036022,1418,28360,0.05,1396,27920,1201,0.03143763,286,136,0.0520061,3,13.23754182
137,WA,53,33,53033,3602,3,530330036023,1376,17200,0.08,1360,17000,844,0.0285186,166,137,0.0839083,0,7.42595178
138,WA,53,33,53033,3800,1,530330038001,1442,11092.3,0.13,1424,10953.8,802,0.09953485,415,138,0.1335247,1,4.3385928
139,WA,53,33,53033,3800,2,530330038002,1053,9572.7,0.11,1045,9500,444,0.07683631,376,139,0.1076327,0,0.74945269
140,WA,53,33,53033,3900,1,530330039001,1865,8477.3,0.22,1851,8413.6,944,0.16578695,639,140,0.21970483,0,12.68525414
141,WA,53,33,53033,3900,2,530330039002,1199,7493.8,0.16,1190,7437.5,522,0.11673441,439,141,0.15633572,0,1.66328217
142,WA,53,33,53033,4000,1,530330040001,2414,2807,0.86,2274,2644.2,702.9045963,0.80894159,314,142,0.86377433,2,76.4518975
143,WA,53,33,53033,4000,2,530330040002,1038,7984.6,0.13,1034,7953.8,387,0.09200227,358,143,0.1301151,0,0
144,WA,53,33,53033,4101,1,530330041011,1170,6157.9,0.19,1163,6121.1,709.008114,0.15526082,428,144,0.19319022,0,0.55200106
145,WA,53,33,53033,4101,2,530330041012,1371,5712.5,0.24,1362,5675,668.0677322,0.18819557,513,145,0.24081801,0,0.96430482
146,WA,53,33,53033,4101,3,530330041013,1395,7342.1,0.19,1389,7310.5,493,0.13603677,372,146,0.18502835,1,13.22451542
147,WA,53,33,53033,4102,1,530330041021,1363,5926.1,0.23,1360,5913,529.5041662,0.19430908,261,147,0.22610289,0,17.75411734
148,WA,53,33,53033,4102,2,530330041022,1501,7147.6,0.21,1414,6733.3,941,0.15817522,490,148,0.20511078,2,26.6994376
149,WA,53,33,53033,4102,3,530330041023,1456,6618.2,0.22,1424,6472.7,723.0005316,0.16791496,487,149,0.22127526,0,0.8197043
150,WA,53,33,53033,4201,1,530330042011,1334,6352.4,0.21,1326,6314.3,610.7444836,0.1568049,468,150,0.20573815,0,9.79617128
151,WA,53,33,53033,4201,2,530330042012,1333,10253.8,0.13,1323,10176.9,720.8758132,0.09049707,314,151,0.12620039,0,20.66191646
152,WA,53,33,53033,4201,3,530330042013,1316,8773.3,0.15,1310,8733.3,653,0.10863707,479,152,0.14840901,0,3.88361205
153,WA,53,33,53033,4202,1,530330042021,1467,7335,0.2,1457,7285,717.4649164,0.14727199,453,153,0.19833455,3,35.2627721
154,WA,53,33,53033,4202,2,530330042022,1431,11007.7,0.13,1428,10984.6,580,0.08898903,517,154,0.13042809,1,0.66976202
155,WA,53,33,53033,4202,3,530330042023,1590,11357.1,0.14,1556,11114.3,830,0.09849362,556,155,0.14266558,3,1.50465922
156,WA,53,33,53033,4301,1,530330043011,1554,11953.8,0.13,1324,10184.6,552.9147868,0.11062248,172,156,0.13295832,2,49.33960193
157,WA,53,33,53033,4301,2,530330043012,1317,13170,0.1,1300,13000,594,0.07228085,466,157,0.10095772,0,1.51492738
158,WA,53,33,53033,4301,3,530330043013,1331,9507.1,0.14,1319,9421.4,515.7111211,0.11015258,377,158,0.14414412,2,35.20501387
159,WA,53,33,53033,4302,1,530330043021,1099,18316.7,0.06,1086,18100,400.4897857,0.04130239,89,159,0.06056494,0,12.11520013
160,WA,53,33,53033,4302,2,530330043022,1429,47633.3,0.03,1371,45700,289.5102143,0.01941115,56,160,0.02783345,0,9.64833183
161,WA,53,33,53033,4302,3,530330043023,1546,38650,0.04,1463,36575,366,0.0269717,132,161,0.039475,0,0
162,WA,53,33,53033,4401,1,530330044011,1508,11600,0.13,1426,10969.2,489.2888789,0.09190309,285,162,0.12676639,1,32.7475083
163,WA,53,33,53033,4401,2,530330044012,1215,12150,0.1,1207,12070,612,0.06119246,361,163,0.09784249,1,6.82970706
164,WA,53,33,53033,4401,3,530330044013,1001,25025,0.04,1177,29425,309,0.02839634,158,164,0.0436859,0,2.83757099
165,WA,53,33,53033,4402,1,530330044021,1266,31650,0.04,1263,31575,744,0.02742935,188,165,0.04180487,0,13.53926835
166,WA,53,33,53033,4402,2,530330044022,1235,24700,0.05,1232,24640,685,0.03112616,234,166,0.04982567,0,5.79777347
167,WA,53,33,53033,4402,3,530330044023,1070,53500,0.02,1069,53450,472,0.01441217,113,167,0.02226266,0,12.35847904
168,WA,53,33,53033,4500,1,530330045001,1233,11209.1,0.11,1206,10963.6,617,0.06244008,342,168,0.10649244,3,11.70473832
169,WA,53,33,53033,4500,2,530330045002,1787,11913.3,0.15,1766,11773.3,675,0.09037531,593,169,0.15259552,1,0.143807
170,WA,53,33,53033,4600,1,530330046001,1259,1554.3,0.81,1246,1538.3,616.8463367,0.72087916,428,170,0.81204048,2,26.16859063
171,WA,53,33,53033,4600,2,530330046002,1174,11740,0.1,1166,11660,624,0.06660621,427,171,0.10210909,0,1.29288541
172,WA,53,33,53033,4600,3,530330046003,1154,14425,0.08,1151,14387.5,513,0.05714219,371,172,0.08412857,1,3.06732427
173,WA,53,33,53033,4701,1,530330047011,1349,33725,0.04,1336,33400,727,0.02544123,167,173,0.03800807,2,9.98684777
174,WA,53,33,53033,4701,2,530330047012,1222,9400,0.13,1214,9338.5,1416.358777,0.09522498,173,174,0.13297016,14,19.19897342
175,WA,53,33,53033,4701,3,530330047013,1095,21900,0.05,1089,21780,591,0.02931732,81,175,0.0494595,5,32.09966066
176,WA,53,33,53033,4702,1,530330047021,1099,21980,0.05,1070,21400,1318,0.03451549,298,176,0.05330517,2,16.75646725
177,WA,53,33,53033,4702,2,530330047022,1589,52966.7,0.03,1494,49800,156,0.01604902,20,177,0.02622321,0,43.25073647
178,WA,53,33,53033,4702,3,530330047023,1358,67900,0.02,1353,67650,430,0.01539199,83,178,0.02333536,3,30.44782239
179,WA,53,33,53033,4703,1,530330047031,1272,12720,0.1,1205,12050,3140,0.06413371,631,179,0.09843379,0,0.48645275
180,WA,53,33,53033,4703,2,530330047032,1367,8543.8,0.16,1285,8031.3,2202,0.09751924,266,180,0.15728313,4,20.04855752
181,WA,53,33,53033,4703,3,530330047033,1178,5890,0.2,1145,5725,3291.562429,0.13947737,516,181,0.20311858,6,21.30328269
182,WA,53,33,53033,4800,1,530330048001,1190,10818.2,0.11,1154,10490.9,845,0.0670644,439,182,0.10689998,0,0.12575742
183,WA,53,33,53033,4800,2,530330048002,1331,12100,0.11,1328,12072.7,694,0.07501183,435,183,0.11390383,1,0.94717406
184,WA,53,33,53033,4800,3,530330048003,1410,8812.5,0.16,1387,8668.8,2100.353488,0.09899108,548,184,0.16200549,2,6.86668219
185,WA,53,33,53033,4800,4,530330048004,1266,11509.1,0.11,1244,11309.1,759,0.0732572,439,185,0.11071366,1,0.90518112
186,WA,53,33,53033,4901,1,530330049011,1333,16662.5,0.08,1266,15825,1248.000803,0.04660221,380,186,0.07575879,0,3.96815884
187,WA,53,33,53033,4901,2,530330049012,1489,24816.7,0.06,1475,24583.3,1115,0.04108271,355,187,0.06167584,2,0.29727163
188,WA,53,33,53033,4901,3,530330049013,1192,23840,0.05,1105,22100,1266,0.03252609,323,188,0.05452183,1,9.8283933
189,WA,53,33,53033,4902,1,530330049021,1783,14858.3,0.12,1729,14408.3,1314,0.07300664,494,189,0.12161315,1,2.40246214
190,WA,53,33,53033,4902,2,530330049022,1431,13009.1,0.11,1414,12854.5,1611.338871,0.07576662,337,190,0.10913831,13,11.68330943
191,WA,53,33,53033,5000,1,530330050001,1834,12226.7,0.15,1754,11693.3,2867,0.08868975,579,191,0.150752,5,7.94649405
192,WA,53,33,53033,5000,2,530330050002,1092,13650,0.08,1084,13550,1066,0.05379358,318,192,0.08183813,0,13.94943492
193,WA,53,33,53033,5000,3,530330050003,1723,28716.7,0.06,1685,28083.3,1617,0.03298236,252,193,0.05984651,1,4.52145133
194,WA,53,33,53033,5100,1,530330051001,1492,12433.3,0.12,1470,12250,2282,0.08383496,485,194,0.12376715,2,24.47684656
195,WA,53,33,53033,5100,2,530330051002,1377,11475,0.12,1375,11458.3,656,0.08096669,489,195,0.12310706,0,1.72390347
196,WA,53,33,53033,5100,3,530330051003,1168,12977.8,0.09,1167,12966.7,537,0.06165185,393,196,0.09358294,0,0.50943139
197,WA,53,33,53033,5201,1,530330052011,1352,12290.9,0.11,1332,12109.1,850.3971022,0.06472315,363,197,0.11496103,0,2.4669861
198,WA,53,33,53033,5201,2,530330052012,1364,13640,0.1,1340,13400,775,0.0631875,398,198,0.10115559,1,6.57171386
199,WA,53,33,53033,5201,3,530330052013,1230,24600,0.05,1226,24520,483,0.02664944,113,199,0.05404378,2,15.13068044
200,WA,53,33,53033,5202,1,530330052021,1290,43000,0.03,1231,41033.3,343,0.0138822,70,200,0.02701637,0,15.93237735
201,WA,53,33,53033,5202,2,530330052022,1207,24140,0.05,1201,24020,474.4225391,0.02277464,81,201,0.04530952,2,13.98850735
202,WA,53,33,53033,5202,3,530330052023,1196,39866.7,0.03,1163,38766.7,336,0.01747521,86,202,0.03165375,1,1.13024458
203,WA,53,33,53033,5303,1,530330053031,1628,10853.3,0.15,1601,10673.3,191.1051792,0.12596259,24,203,0.14990067,0,5.90393168
204,WA,53,33,53033,5303,2,530330053032,3717,4705.1,0.79,3709,4694.9,56.5425158,0.74645403,10,204,0.78851735,0,0.25230552
205,WA,53,33,53033,5304,1,530330053041,1853,185300,0.01,1865,186500,11.08956681,0.00572949,2,205,0.01070141,0,0
206,WA,53,33,53033,5304,2,530330053042,1663,83150,0.02,1641,82050,43.69802241,0.00733587,7,206,0.0174967,0,0.8448063
207,WA,53,33,53033,5305,1,530330053051,1375,27500,0.05,1354,27080,642,0.03184732,97,207,0.05003541,5,21.08951328
208,WA,53,33,53033,5305,2,530330053052,1658,55266.7,0.03,1531,51033.3,302.0003269,0.02056807,60,208,0.03219232,1,5.90297063
209,WA,53,33,53033,5306,1,530330053061,1630,32600,0.05,1678,33560,750,0.03495957,104,209,0.05240783,5,31.11082321
210,WA,53,33,53033,5306,2,530330053062,1484,49466.7,0.03,1456,48533.3,262,0.01582624,43,210,0.02500051,2,26.48916043
211,WA,53,33,53033,5307,1,530330053071,1028,51400,0.02,936,46800,107,0.00925577,31,211,0.01553795,0,5.7301607
212,WA,53,33,53033,5307,2,530330053072,628,62800,0.01,714,71400,134,0.00923654,37,212,0.01332807,0,3.48728141
213,WA,53,33,53033,5307,3,530330053073,1269,63450,0.02,1271,63550,185,0.01423522,60,213,0.02133796,0,2.23203266
214,WA,53,33,53033,5401,1,530330054011,1267,31675,0.04,1253,31325,705,0.02362166,156,214,0.03921276,1,9.67841521
215,WA,53,33,53033,5401,2,530330054012,1348,9628.6,0.14,1339,9564.3,756.744496,0.1047447,257,215,0.13558716,1,34.06849638
216,WA,53,33,53033,5401,3,530330054013,1272,10600,0.12,1261,10508.3,1122.584196,0.07985629,280,216,0.11693168,2,15.720503
217,WA,53,33,53033,5402,1,530330054021,1219,13544.4,0.09,1188,13200,845,0.05691359,439,217,0.08562014,0,0.25398582
218,WA,53,33,53033,5402,2,530330054022,1145,22900,0.05,1138,22760,1054,0.0306043,218,218,0.0480971,0,11.92514708
219,WA,53,33,53033,5402,3,530330054023,1009,20180,0.05,936,18720,677,0.02770318,188,219,0.0453995,0,6.29101376
220,WA,53,33,53033,5600,1,530330056001,1574,8744.4,0.18,1559,8661.1,691,0.13096541,609,220,0.18355585,0,0.03037326
221,WA,53,33,53033,5600,2,530330056002,1385,4946.4,0.28,1375,4910.7,1008.592687,0.20871696,586,221,0.27579257,0,0.48679829
222,WA,53,33,53033,5600,3,530330056003,1445,4250,0.34,1434,4217.6,1575.712956,0.22495876,614,222,0.33801678,1,6.14810353
223,WA,53,33,53033,5600,4,530330056004,1365,8029.4,0.17,1357,7982.4,627,0.11780743,532,223,0.17409012,1,0.61411542
224,WA,53,33,53033,5600,5,530330056005,1420,7100,0.2,1405,7025,832.7123523,0.12252009,616,224,0.19520571,1,6.01518376
225,WA,53,33,53033,5700,1,530330057001,1365,1083.3,1.26,1346,1068.3,1638.900773,1.19762774,541,225,1.25755755,2,71.69610421
226,WA,53,33,53033,5700,2,530330057002,1205,8033.3,0.15,1182,7880,705,0.0992748,467,226,0.15287364,0,4.3797971
227,WA,53,33,53033,5700,3,530330057003,1393,6633.3,0.21,1376,6552.4,822,0.14941157,482,227,0.20722051,2,22.4591836
228,WA,53,33,53033,5700,4,530330057004,1307,8713.3,0.15,1300,8666.7,797,0.09280923,478,228,0.1476079,0,1.86496736
229,WA,53,33,53033,5700,5,530330057005,1397,8217.6,0.17,1382,8129.4,1064.283,0.11281058,398,229,0.16732007,1,3.32100175
230,WA,53,33,53033,5801,1,530330058011,1385,17312.5,0.08,1331,16637.5,1475,0.05383405,463,230,0.08215146,0,1.80257851
231,WA,53,33,53033,5801,2,530330058012,1743,21787.5,0.08,1727,21587.5,325,0.06003775,171,231,0.08170116,1,12.01208221
232,WA,53,33,53033,5801,3,530330058013,1396,10738.5,0.13,1360,10461.5,737,0.08930487,333,232,0.13059295,1,11.69514999
233,WA,53,33,53033,5801,4,530330058014,1735,4231.7,0.41,1698,4141.5,2678.130193,0.30214505,482,233,0.40915897,3,13.94335073
234,WA,53,33,53033,5803,1,530330058031,1838,12253.3,0.15,1731,11540,1018,0.10138938,506,234,0.15148994,0,5.4534812
235,WA,53,33,53033,5803,2,530330058032,1658,9752.9,0.17,1616,9505.9,1349.844951,0.11225772,465,235,0.16979476,1,6.33271866
236,WA,53,33,53033,5804,1,530330058041,1485,1811,0.82,1319,1608.5,2943.338226,0.75617389,328,236,0.81530621,5,25.91267514
237,WA,53,33,53033,5804,2,530330058042,1687,18744.4,0.09,1674,18600,928.1801045,0.05313851,228,237,0.08509382,1,5.25536996
238,WA,53,33,53033,5901,1,530330059011,1318,8237.5,0.16,1295,8093.8,1392.570695,0.11359658,325,238,0.1550739,3,4.09230605
239,WA,53,33,53033,5901,2,530330059012,922,13171.4,0.07,1056,15085.7,521,0.05830422,153,239,0.07417856,0,0
240,WA,53,33,53033,5901,3,530330059013,1157,16528.6,0.07,1219,17414.3,1140.139476,0.04638741,242,240,0.0711489,1,0.18169821
241,WA,53,33,53033,5902,1,530330059021,1433,14330,0.1,1415,14150,770,0.06941134,418,241,0.10246817,0,0.27394807
242,WA,53,33,53033,5902,2,530330059022,1418,11816.7,0.12,1337,11141.7,628,0.08241397,482,242,0.12364291,0,0.57983883
243,WA,53,33,53033,5902,3,530330059023,1388,8164.7,0.17,1375,8088.2,857,0.12062509,472,243,0.16888481,0,28.23954412
244,WA,53,33,53033,6000,1,530330060001,1677,16770,0.1,1641,16410,1223.699629,0.05328889,244,244,0.09697044,1,12.0347833
245,WA,53,33,53033,6000,2,530330060002,1512,9450,0.16,1464,9150,1116.056483,0.10009092,506,245,0.16419034,1,3.05197828
246,WA,53,33,53033,6000,3,530330060003,1542,10280,0.15,1533,10220,794,0.10337864,512,246,0.14976857,1,15.43577226
247,WA,53,33,53033,6000,4,530330060004,1467,13336.4,0.11,1423,12936.4,1583.887038,0.072675,326,247,0.10670716,0,4.98756616
248,WA,53,33,53033,6100,1,530330061001,1423,12936.4,0.11,1319,11990.9,695.9378307,0.06962646,330,248,0.1120639,0,3.25560021
249,WA,53,33,53033,6100,2,530330061002,1256,6977.8,0.18,1221,6783.3,721.1586361,0.08882176,372,249,0.17699345,1,10.69614977
250,WA,53,33,53033,6100,3,530330061003,860,21500,0.04,808,20200,434.6816534,0.0203311,130,250,0.03816968,0,2.45906807
251,WA,53,33,53033,6100,4,530330061004,895,14916.7,0.06,891,14850,577.2038046,0.02908974,120,251,0.05907693,1,17.23088022
252,WA,53,33,53033,6100,5,530330061005,1478,18475,0.08,1428,17850,1589.605337,0.04403262,337,252,0.07553475,3,6.87146737
253,WA,53,33,53033,6200,1,530330062001,1520,3102,0.49,1516,3093.9,900.8657996,0.34075498,555,253,0.48858156,4,42.04900015
254,WA,53,33,53033,6200,2,530330062002,1540,7000,0.22,1536,6981.8,834.9705191,0.13602227,574,254,0.217668,2,15.90923101
255,WA,53,33,53033,6200,3,530330062003,1029,4473.9,0.23,1023,4447.8,916.9569765,0.19818665,418,255,0.23432914,3,34.14943682
256,WA,53,33,53033,6300,1,530330063001,1348,8425,0.16,1343,8393.8,751.5272353,0.11442512,390,256,0.16132821,0,1.23946689
257,WA,53,33,53033,6300,2,530330063002,1511,2747.3,0.55,1502,2730.9,1136.564889,0.46739646,604,257,0.54993267,1,52.16796516
258,WA,53,33,53033,6300,3,530330063003,1326,16575,0.08,1318,16475,557.640328,0.05757696,249,258,0.0821773,1,2.65927101
259,WA,53,33,53033,6300,4,530330063004,1374,6542.9,0.21,1367,6509.5,753.6760958,0.14456991,399,259,0.21437371,1,7.07163112
260,WA,53,33,53033,6400,1,530330064001,1142,9516.7,0.12,1132,9433.3,927.2265263,0.07290294,433,260,0.11611451,0,2.76985625
261,WA,53,33,53033,6400,2,530330064002,996,11066.7,0.09,988,10977.8,329,0.06011273,299,261,0.08975291,0,0
262,WA,53,33,53033,6400,3,530330064003,1313,9378.6,0.14,1300,9285.7,614,0.09483673,412,262,0.1430436,0,4.4194117
263,WA,53,33,53033,6500,1,530330065001,1652,5900,0.28,1553,5546.4,1031.990508,0.22971277,498,263,0.27639966,2,50.53770556
264,WA,53,33,53033,6500,2,530330065002,1512,15120,0.1,1477,14770,1103.010571,0.06788242,354,264,0.10000863,0,6.3469608
265,WA,53,33,53033,6500,3,530330065003,1645,23500,0.07,1642,23457.1,877,0.04604613,260,265,0.06669599,0,2.79905383
266,WA,53,33,53033,6600,1,530330066001,1074,4881.8,0.22,1070,4863.6,905.108695,0.12598634,151,266,0.2151783,1,13.34314477
267,WA,53,33,53033,6600,2,530330066002,1915,31916.7,0.06,1851,30850,1151,0.03621861,305,267,0.06374279,3,3.45877848
268,WA,53,33,53033,6600,3,530330066003,1164,7760,0.15,1140,7600,1050,0.08315705,225,268,0.14879583,0,14.90115183
269,WA,53,33,53033,6701,1,530330067011,1293,64650,0.02,1286,64300,214,0.01226916,25,269,0.01900759,0,42.91880728
270,WA,53,33,53033,6701,2,530330067012,1309,26180,0.05,1140,22800,294.9130701,0.03486755,36,270,0.05286984,0,28.2992911
271,WA,53,33,53033,6701,3,530330067013,1827,26100,0.07,1634,23342.9,742.8578769,0.04681013,153,271,0.07494723,0,15.53854879
272,WA,53,33,53033,6702,1,530330067021,1337,26740,0.05,1155,23100,591.0001892,0.02901113,183,272,0.04724345,2,2.59058193
273,WA,53,33,53033,6702,2,530330067022,1068,53400,0.02,1064,53200,87,0.01430176,15,273,0.02468241,0,13.25478385
274,WA,53,33,53033,6702,3,530330067023,1096,21920,0.05,1037,20740,721,0.02579034,159,274,0.04574168,0,10.50347763
275,WA,53,33,53033,6703,1,530330067031,1061,10610,0.1,1042,10420,1401.563942,0.06480194,345,275,0.10375544,1,5.57182675
276,WA,53,33,53033,6703,2,530330067032,1047,14957.1,0.07,1011,14442.9,867.7554261,0.04448126,194,276,0.06705328,1,17.52650232
277,WA,53,33,53033,6703,3,530330067033,1216,20266.7,0.06,1206,20100,610.6804423,0.03961261,214,277,0.05974043,1,3.99952591
278,WA,53,33,53033,6800,1,530330068001,1291,12910,0.1,1247,12470,791,0.06519196,410,278,0.09987396,0,3.87334089
279,WA,53,33,53033,6800,2,530330068002,1073,13412.5,0.08,1070,13375,773,0.05040541,323,279,0.08293079,1,7.79866886
280,WA,53,33,53033,6800,3,530330068003,1019,11322.2,0.09,1024,11377.8,623,0.06025488,271,280,0.09445505,3,22.03801659
281,WA,53,33,53033,6900,1,530330069001,1621,18011.1,0.09,1527,16966.7,1092,0.06073875,465,281,0.09438408,2,1.45780914
282,WA,53,33,53033,6900,2,530330069002,1637,13641.7,0.12,1620,13500,921,0.07580359,542,282,0.12296202,1,1.54308023
283,WA,53,33,53033,6900,3,530330069003,1566,12046.2,0.13,1551,11930.8,665.9926206,0.08304162,343,283,0.1321286,2,1.59238117
284,WA,53,33,53033,7001,1,530330070011,1382,17275,0.08,1341,16762.5,594.0073794,0.05426337,205,284,0.08264712,3,6.3153153
285,WA,53,33,53033,7001,2,530330070012,1350,45000,0.03,1293,43100,288,0.01749314,73,285,0.02671213,0,0
286,WA,53,33,53033,7001,3,530330070013,1129,37633.3,0.03,1123,37433.3,200,0.01846161,38,286,0.0289842,0,5.47303684
287,WA,53,33,53033,7002,1,530330070021,1278,31950,0.04,1271,31775,314,0.02939494,106,287,0.04486578,1,6.92368806
288,WA,53,33,53033,7002,2,530330070022,1323,18900,0.07,1312,18742.9,413,0.04726561,186,288,0.07415325,1,0
289,WA,53,33,53033,7002,3,530330070023,1660,33200,0.05,1398,27960,662,0.03248508,149,289,0.05127115,2,14.07265169
290,WA,53,33,53033,7101,1,530330071011,1708,42700,0.04,1635,40875,460,0.02430811,66,290,0.03886951,1,25.63847367
291,WA,53,33,53033,7101,2,530330071012,1832,12213.3,0.15,1586,10573.3,602,0.12809075,67,291,0.15226199,2,68.64170757
292,WA,53,33,53033,7102,1,530330071021,1349,13490,0.1,1345,13450,603.2886852,0.05712601,89,292,0.09901032,0,6.80469623
293,WA,53,33,53033,7102,2,530330071022,1355,45166.7,0.03,1316,43866.7,284,0.0192373,43,293,0.03068944,0,18.69452525
294,WA,53,33,53033,7201,1,530330072011,1777,88850,0.02,1752,87600,174,0.01311189,23,294,0.02402515,0,24.17950123
295,WA,53,33,53033,7201,2,530330072012,1117,55850,0.02,1108,55400,147,0.00847582,22,295,0.01923191,1,21.97142636
296,WA,53,33,53033,7201,3,530330072013,2400,240000,0.01,1786,178600,60,0.00767265,6,296,0.01494695,0,36.03447327
297,WA,53,33,53033,7202,1,530330072021,1487,74350,0.02,1473,73650,247,0.01391669,39,297,0.0249037,0,12.98463554
298,WA,53,33,53033,7202,2,530330072022,1357,33925,0.04,808,20200,325.8740886,0.02168041,45,298,0.03690366,2,6.26180321
299,WA,53,33,53033,7202,3,530330072023,1893,37860,0.05,1867,37340,301.1259114,0.02560819,47,299,0.04652657,3,18.56064927
300,WA,53,33,53033,7203,1,530330072031,1762,16018.2,0.11,1750,15909.1,857,0.0661795,101,300,0.11475329,4,14.585758
301,WA,53,33,53033,7203,2,530330072032,1857,16881.8,0.11,1671,15190.9,449,0.05859201,57,301,0.10904057,1,10.42303135
302,WA,53,33,53033,7301,1,530330073011,1556,31120,0.05,1538,30760,241,0.02586466,34,302,0.04792242,3,24.64339452
303,WA,53,33,53033,7301,2,530330073012,1242,62100,0.02,1220,61000,194,0.01392271,28,303,0.02176654,0,29.88139276
304,WA,53,33,53033,7301,3,530330073013,990,33000,0.03,978,32600,108,0.01120543,16,304,0.02713667,0,14.2591537
305,WA,53,33,53033,7302,1,530330073021,1183,39433.3,0.03,1176,39200,270,0.01805657,31,305,0.03204064,2,12.94384683
306,WA,53,33,53033,7302,2,530330073022,2325,33214.3,0.07,2029,28985.7,456,0.03625877,66,306,0.06619454,3,13.80414225
307,WA,53,33,53033,7302,3,530330073023,2103,105150,0.02,2085,104250,169,0.01816431,19,307,0.02261714,3,54.96681024
308,WA,53,33,53033,7303,1,530330073031,1537,25616.7,0.06,1440,24000,354,0.03427361,48,308,0.05926133,4,4.1438782
309,WA,53,33,53033,7303,2,530330073032,1807,60233.3,0.03,1412,47066.7,161,0.020886,24,309,0.03228807,0,13.02662519
310,WA,53,33,53033,7303,3,530330073033,1033,34433.3,0.03,1028,34266.7,184,0.01844537,25,310,0.02949765,0,14.55148793
311,WA,53,33,53033,7403,1,530330074031,1368,68400,0.02,1306,65300,165.8918213,0.01265358,33,311,0.01983375,2,20.51583497
312,WA,53,33,53033,7403,2,530330074032,1262,42066.7,0.03,1239,41300,274,0.01743893,61,312,0.02593897,2,15.55600772
313,WA,53,33,53033,7404,1,530330074041,1522,50733.3,0.03,1509,50300,209.1081787,0.01583982,56,313,0.02766505,2,1.82812136
314,WA,53,33,53033,7404,2,530330074042,1295,43166.7,0.03,1290,43000,269,0.0154794,62,314,0.03168976,1,1.22042407
315,WA,53,33,53033,7405,1,530330074051,1426,47533.3,0.03,1421,47366.7,419.8976581,0.01988657,65,315,0.030274,3,18.59724005
316,WA,53,33,53033,7405,2,530330074052,1383,69150,0.02,1380,69000,310,0.01296649,57,316,0.02062363,1,6.5592488
317,WA,53,33,53033,7406,1,530330074061,1293,43100,0.03,1220,40666.7,365,0.01817187,69,317,0.03121398,2,9.52643816
318,WA,53,33,53033,7406,2,530330074062,1372,45733.3,0.03,1369,45633.3,140,0.01024272,32,318,0.02702496,4,5.06598855
319,WA,53,33,53033,7501,1,530330075011,1298,43266.7,0.03,1286,42866.7,673,0.02194997,182,319,0.03448419,0,11.49452127
320,WA,53,33,53033,7501,2,530330075012,1314,32850,0.04,1233,30825,896,0.02527239,220,320,0.03858777,1,9.92439644
321,WA,53,33,53033,7501,3,530330075013,1415,35375,0.04,1396,34900,533,0.02774192,137,321,0.04209311,3,15.4433592
322,WA,53,33,53033,7502,1,530330075021,1146,38200,0.03,1131,37700,599,0.02070049,130,322,0.03104479,0,12.84984092
323,WA,53,33,53033,7502,2,530330075022,1382,34550,0.04,1344,33600,634,0.02274715,150,323,0.03638234,1,8.02302491
324,WA,53,33,53033,7502,3,530330075023,1396,27920,0.05,999,19980,545,0.03863776,108,324,0.05455408,3,42.33707852
325,WA,53,33,53033,7503,1,530330075031,1311,26220,0.05,1252,25040,655,0.02896495,89,325,0.04635259,9,35.67129521
326,WA,53,33,53033,7503,2,530330075032,1461,48700,0.03,1208,40266.7,339,0.01550896,48,326,0.02606033,5,37.33696351
327,WA,53,33,53033,7600,1,530330076001,1399,19985.7,0.07,1358,19400,569,0.04015399,261,327,0.06587451,1,5.93748087
328,WA,53,33,53033,7600,2,530330076002,1671,20887.5,0.08,1552,19400,1112,0.0571594,348,328,0.08242,1,14.86610858
329,WA,53,33,53033,7600,3,530330076003,1470,21000,0.07,1434,20485.7,791,0.04615137,253,329,0.07250677,1,6.87159427
330,WA,53,33,53033,7700,1,530330077001,1337,8913.3,0.15,1326,8840,1216,0.09717447,576,330,0.15267916,1,2.50118639
331,WA,53,33,53033,7700,2,530330077002,1116,12400,0.09,1110,12333.3,1000,0.05860918,406,331,0.08987626,2,2.34380462
332,WA,53,33,53033,7700,3,530330077003,1353,15033.3,0.09,1305,14500,1121,0.05929186,450,332,0.09367418,3,2.67170158
333,WA,53,33,53033,7700,4,530330077004,1684,24057.1,0.07,1649,23557.1,1835,0.04551179,505,333,0.07238713,0,3.85717084
334,WA,53,33,53033,7800,1,530330078001,1290,4161.3,0.31,1284,4141.9,1513.689237,0.23119725,615,334,0.31062141,4,15.91967777
335,WA,53,33,53033,7800,2,530330078002,1545,8131.6,0.19,1541,8110.5,1126.045712,0.12832772,618,335,0.18897813,1,7.4613254
336,WA,53,33,53033,7800,3,530330078003,1180,9833.3,0.12,1160,9666.7,1509,0.07920124,495,336,0.12055695,3,6.09394453
337,WA,53,33,53033,7800,4,530330078004,1304,6863.2,0.19,1300,6842.1,1135,0.12610723,550,337,0.18976277,1,4.23062235
338,WA,53,33,53033,7901,1,530330079011,1391,34775,0.04,1376,34400,555,0.02445904,128,338,0.04042926,1,7.53607025
339,WA,53,33,53033,7901,2,530330079012,1445,24083.3,0.06,1431,23850,985,0.03988924,239,339,0.06276068,2,7.67958431
340,WA,53,33,53033,7902,1,530330079021,1144,38133.3,0.03,1096,36533.3,653,0.02144956,122,340,0.0329106,1,12.47023176
341,WA,53,33,53033,7902,2,530330079022,1337,22283.3,0.06,1324,22066.7,944,0.04033104,265,341,0.05904481,0,13.21508055
342,WA,53,33,53033,7902,3,530330079023,1265,18071.4,0.07,1262,18028.6,1082,0.05103925,388,342,0.07452125,1,4.32661867
343,WA,53,33,53033,8002,1,530330080021,1359,67950,0.02,1347,67350,209,0.01325965,34,343,0.01982211,3,5.10191746
344,WA,53,33,53033,8002,2,530330080022,1435,28700,0.05,1393,27860,243.1052616,0.02285883,35,344,0.04602467,3,10.00744929
345,WA,53,33,53033,8002,3,530330080023,1843,92150,0.02,1679,83950,287,0.01415973,45,345,0.02462528,2,26.39402511
346,WA,53,33,53033,8003,1,530330080031,1428,47600,0.03,1417,47233.3,322,0.01491572,45,346,0.02676269,9,31.84492269
347,WA,53,33,53033,8003,2,530330080032,1572,78600,0.02,1468,73400,164,0.01214938,23,347,0.02121954,0,28.04337494
348,WA,53,33,53033,8003,3,530330080033,1353,45100,0.03,1234,41133.3,153,0.01495926,23,348,0.0281493,0,16.59258168
349,WA,53,33,53033,8004,1,530330080041,1363,136300,0.01,1307,130700,122.2558989,0.00914917,16,349,0.01422953,0,43.89200558
350,WA,53,33,53033,8004,2,530330080042,961,48050,0.02,956,47800,190,0.00995979,18,350,0.01990608,1,15.40062436
351,WA,53,33,53033,8004,3,530330080043,1156,14450,0.08,1147,14337.5,240.1068504,0.04665349,36,351,0.07556006,1,29.94165004
352,WA,53,33,53033,8101,1,530330081011,896,22400,0.04,871,21775,230.6062024,0.01969429,31,352,0.03805821,10,20.79194364
353,WA,53,33,53033,8101,2,530330081012,1352,67600,0.02,1032,51600,200.0880537,0.01621581,31,353,0.02269806,1,26.80565677
354,WA,53,33,53033,8101,3,530330081013,909,22725,0.04,905,22625,292.6835122,0.02516288,39,354,0.04342952,2,29.50968979
355,WA,53,33,53033,8102,1,530330081021,1674,16740,0.1,1521,15210,761.6846677,0.05922691,75,355,0.10047242,5,14.00277936
356,WA,53,33,53033,8102,2,530330081022,1491,13554.5,0.11,1484,13490.9,889.6764551,0.06476225,96,356,0.11428557,9,16.72033672
357,WA,53,33,53033,8200,1,530330082001,1894,21044.4,0.09,1878,20866.7,387.3153323,0.06040667,55,357,0.09352232,6,27.56093484
358,WA,53,33,53033,8200,2,530330082002,1377,45900,0.03,1369,45633.3,260,0.01233749,28,358,0.02672933,1,17.69623378
359,WA,53,33,53033,8200,3,530330082003,1583,79150,0.02,1555,77750,119,0.01218618,14,359,0.02486181,1,14.37330189
360,WA,53,33,53033,8300,1,530330083001,2101,42020,0.05,2063,41260,353,0.03021358,54,360,0.04741682,2,13.72922429
361,WA,53,33,53033,8300,2,530330083002,1359,33975,0.04,1354,33850,189,0.02117154,27,361,0.0444578,2,12.02876979
362,WA,53,33,53033,8401,1,530330084011,992,33066.7,0.03,989,32966.7,279.1023419,0.02286225,42,362,0.03386198,3,16.37531779
363,WA,53,33,53033,8401,2,530330084012,1280,64000,0.02,1168,58400,123,0.01095358,23,363,0.01908459,1,11.09398376
364,WA,53,33,53033,8401,3,530330084013,1319,32975,0.04,1312,32800,339,0.03052032,39,364,0.04392559,0,27.36212794
365,WA,53,33,53033,8402,1,530330084021,1081,54050,0.02,1075,53750,256,0.01285707,41,365,0.02075364,3,22.36803295
366,WA,53,33,53033,8402,2,530330084022,934,46700,0.02,909,45450,164,0.00893658,30,366,0.01704892,5,14.54600585
367,WA,53,33,53033,8402,3,530330084023,1044,52200,0.02,1028,51400,229,0.01097707,37,367,0.01836166,2,19.22388413
368,WA,53,33,53033,8500,1,530330085001,1654,27566.7,0.06,1305,21750,397.9427357,0.03189367,55,368,0.06012249,0,9.48882072
369,WA,53,33,53033,8500,2,530330085002,1989,33150,0.06,1973,32883.3,380,0.03526765,55,369,0.0584601,1,17.86947144
370,WA,53,33,53033,8500,3,530330085003,1262,21033.3,0.06,1186,19766.7,240.0572643,0.02811924,18,370,0.05554326,1,16.18934233
371,WA,53,33,53033,8600,1,530330086001,1694,18822.2,0.09,1643,18255.6,1536,0.05589201,355,371,0.08562914,1,19.46599544
372,WA,53,33,53033,8600,2,530330086002,2128,23644.4,0.09,2113,23477.8,1300,0.05708994,250,372,0.08739551,1,24.54215372
373,WA,53,33,53033,8600,3,530330086003,2394,34200,0.07,2405,34357.1,563,0.061429,55,373,0.07442711,1,9.83578448
374,WA,53,33,53033,8600,4,530330086004,1483,49433.3,0.03,1478,49266.7,323,0.01599857,76,374,0.02720175,0,10.23551393
375,WA,53,33,53033,8700,1,530330087001,1516,11661.5,0.13,1427,10976.9,1909,0.08866503,512,375,0.13257501,1,9.29034612
376,WA,53,33,53033,8700,2,530330087002,1309,21816.7,0.06,1284,21400,1166,0.04078797,353,376,0.06332928,1,4.36746612
377,WA,53,33,53033,8700,3,530330087003,1616,17955.6,0.09,1533,17033.3,1611,0.05827628,472,377,0.0869022,1,5.4133528
378,WA,53,33,53033,8800,1,530330088001,1445,11115.4,0.13,1428,10984.6,1017,0.0833358,539,378,0.12753084,1,6.6670374
379,WA,53,33,53033,8800,2,530330088002,1338,8362.5,0.16,1301,8131.3,1179,0.11049969,472,379,0.15594792,3,15.17502893
380,WA,53,33,53033,8800,3,530330088003,1130,14125,0.08,1093,13662.5,988,0.05329588,351,380,0.08276334,1,3.31713582
381,WA,53,33,53033,8900,1,530330089001,1291,7594.1,0.17,1280,7529.4,846.9745255,0.11593348,400,381,0.1693546,1,21.15696103
382,WA,53,33,53033,8900,2,530330089002,1493,12441.7,0.12,1449,12075,1612,0.07666132,587,382,0.117692,0,3.20272551
383,WA,53,33,53033,8900,3,530330089003,2491,22645.5,0.11,1441,13100,1861.038941,0.07400944,438,383,0.11351323,1,8.95555925
384,WA,53,33,53033,8900,4,530330089004,1459,16211.1,0.09,1455,16166.7,2004,0.06078634,586,384,0.0897809,0,1.64700043
385,WA,53,33,53033,9000,1,530330090001,1580,10533.3,0.15,1533,10220,2636,0.09900303,416,385,0.15478245,2,18.40966341
386,WA,53,33,53033,9000,2,530330090002,1633,23328.6,0.07,1613,23042.9,802.7402471,0.04603495,226,386,0.06618702,1,22.95534993
387,WA,53,33,53033,9000,3,530330090003,1163,10572.7,0.11,1138,10345.5,1320.259753,0.08152364,281,387,0.10950276,2,25.08582166
388,WA,53,33,53033,9100,1,530330091001,1902,15850,0.12,1292,10766.7,1474,0.06405273,124,388,0.11605373,6,21.36670449
389,WA,53,33,53033,9100,2,530330091002,1969,49225,0.04,1643,41075,436,0.02532927,55,389,0.04250518,3,33.11213933
390,WA,53,33,53033,9200,1,530330092001,2016,40320,0.05,1760,35200,475.1789403,0.02334155,56,390,0.051512,1,16.02559391
391,WA,53,33,53033,9200,2,530330092002,1618,20225,0.08,1614,20175,787.7327237,0.04755454,113,391,0.07903999,7,9.55149375
392,WA,53,33,53033,9300,1,530330093001,1041,3589.7,0.29,917,3162.1,1357.005841,0.13780501,135,392,0.29233507,1,13.05730472
393,WA,53,33,53033,9300,2,530330093002,1488,1730.2,0.86,1435,1668.6,2061.235529,0.62986407,196,393,0.86028038,3,12.96515065
394,WA,53,33,53033,9300,3,530330093003,1275,512,2.49,1259,505.6,11391.67134,1.72270863,1160,394,2.49149357,7,6.42110148
395,WA,53,33,53033,9400,1,530330094001,1288,21466.7,0.06,1233,20550,1089,0.03941286,303,395,0.05853872,0,0
396,WA,53,33,53033,9400,2,530330094002,1643,8647.4,0.19,1471,7742.1,2198,0.11718928,536,396,0.18969957,0,6.89050883
397,WA,53,33,53033,9400,3,530330094003,1411,14110,0.1,1266,12660,1406,0.06258089,470,397,0.09876598,1,7.67164743
398,WA,53,33,53033,9400,4,530330094004,1405,7025,0.2,1369,6845,2244,0.06769085,421,398,0.19889926,1,5.24295722
399,WA,53,33,53033,9400,5,530330094005,1289,11718.2,0.11,1227,11154.5,1323,0.06344488,347,399,0.10515883,3,10.67270224
400,WA,53,33,53033,9500,1,530330095001,1715,6351.9,0.27,1704,6311.1,1272.422253,0.17052369,688,400,0.26585023,2,16.5911162
401,WA,53,33,53033,9500,2,530330095002,1936,6453.3,0.3,1861,6203.3,2525,0.17352157,716,401,0.2988011,5,14.0140059
402,WA,53,33,53033,9500,3,530330095003,1496,5753.8,0.26,1435,5519.2,917.1475245,0.19049919,566,402,0.26155094,2,13.02682377
403,WA,53,33,53033,9500,4,530330095004,1769,9827.8,0.18,1747,9705.6,1427,0.11871504,464,403,0.1767177,0,12.83812971
404,WA,53,33,53033,9600,1,530330096001,1530,7650,0.2,1523,7615,2482.99066,0.13298618,524,404,0.19733912,3,20.90950987
405,WA,53,33,53033,9600,2,530330096002,1524,6096,0.25,1426,5704,1924.508971,0.18840573,427,405,0.25185085,2,25.77916741
406,WA,53,33,53033,9600,3,530330096003,1481,9256.3,0.16,1461,9131.3,1520.009918,0.10912833,535,406,0.16190093,0,4.61568478
407,WA,53,33,53033,9600,4,530330096004,1493,12441.7,0.12,1437,11975,864,0.07114475,434,407,0.12403556,0,1.76404592
408,WA,53,33,53033,9701,1,530330097011,1424,10953.8,0.13,1413,10869.2,1309.666832,0.09272013,454,408,0.12665324,0,10.43716001
409,WA,53,33,53033,9701,2,530330097012,1630,6037,0.27,1617,5988.9,2143.598829,0.20955621,651,409,0.27492102,1,15.70740559
410,WA,53,33,53033,9701,3,530330097013,1466,10471.4,0.14,1458,10414.3,1043.757892,0.0968559,366,410,0.13840596,2,6.60600539
411,WA,53,33,53033,9701,4,530330097014,1475,8194.4,0.18,1467,8150,934.6773527,0.1302594,536,411,0.17769712,0,0.41642266
412,WA,53,33,53033,9702,1,530330097021,1496,8800,0.17,1485,8735.3,594,0.11390151,495,412,0.17135131,0,0.02000073
413,WA,53,33,53033,9702,2,530330097022,1436,4951.7,0.29,1428,4924.1,1808.182569,0.23772673,611,413,0.29468762,2,28.28676188
414,WA,53,33,53033,9702,3,530330097023,1549,7376.2,0.21,1486,7076.2,878,0.13323378,618,414,0.20627802,1,0.40863972
415,WA,53,33,53033,9702,4,530330097024,1523,8015.8,0.19,1512,7957.9,904.1184841,0.12275755,564,415,0.1850162,1,0.30579532
416,WA,53,33,53033,9801,1,530330098011,1169,8350,0.14,975,6964.3,825,0.10068303,302,416,0.14434276,3,24.97307993
417,WA,53,33,53033,9801,2,530330098012,1426,10185.7,0.14,1419,10135.7,545.9797897,0.09099859,531,417,0.13670715,0,0.78351008
418,WA,53,33,53033,9801,3,530330098013,1455,13227.3,0.11,1452,13200,787,0.07328673,454,418,0.10686042,3,2.39590058
419,WA,53,33,53033,9802,1,530330098021,1131,8700,0.13,1105,8500,575,0.07975087,405,419,0.12556587,0,2.42677231
420,WA,53,33,53033,9802,2,530330098022,1268,9753.8,0.13,1188,9138.5,1437,0.08009568,460,420,0.12537447,0,8.34467676
421,WA,53,33,53033,9802,3,530330098023,1234,11218.2,0.11,1230,11181.8,862,0.06574476,401,421,0.10515343,4,7.25868314
422,WA,53,33,53033,9900,1,530330099001,1409,8806.3,0.16,1336,8350,1141,0.09262601,467,422,0.16485703,0,3.09255938
423,WA,53,33,53033,9900,2,530330099002,1639,4202.6,0.39,1595,4089.7,675.1077117,0.34281074,251,423,0.39463569,0,75.95855829
424,WA,53,33,53033,9900,3,530330099003,1890,4609.8,0.41,1821,4441.5,5978.288513,0.32381211,1023,424,0.41102972,1,33.90897393
425,WA,53,33,53033,9900,4,530330099004,1524,970.7,1.57,1505,958.6,5226.570961,1.31044557,734,425,1.56733151,5,4.24685201
426,WA,53,33,53033,10001,1,530330100011,1588,4071.8,0.39,1196,3066.7,2430.766795,0.2990198,488,426,0.386679,0,49.39352386
427,WA,53,33,53033,10001,2,530330100012,1604,4582.9,0.35,1613,4608.6,975.9661107,0.28119529,435,427,0.34635476,3,49.85032979
428,WA,53,33,53033,10001,3,530330100013,1985,11676.5,0.17,1717,10100,1726.15075,0.11432598,321,428,0.16571786,0,31.15222716
429,WA,53,33,53033,10002,1,530330100021,1503,13663.6,0.11,1531,13918.2,727,0.06550434,457,429,0.10620487,0,1.38344563
430,WA,53,33,53033,10002,2,530330100022,1559,14172.7,0.11,1541,14009.1,849,0.06490305,378,430,0.10978135,1,6.25970257
431,WA,53,33,53033,10002,3,530330100023,1916,12773.3,0.15,1789,11926.7,921,0.09177469,549,431,0.15004448,0,4.50640566
432,WA,53,33,53033,10101,1,530330101011,1206,15075,0.08,1203,15037.5,849.3837071,0.06254807,207,432,0.08157935,2,13.72586516
433,WA,53,33,53033,10101,2,530330101012,1711,19011.1,0.09,1707,18966.7,1555,0.06707145,342,433,0.09035649,0,2.75102193
434,WA,53,33,53033,10101,3,530330101013,1421,8881.3,0.16,1418,8862.5,1775.006521,0.11480773,542,434,0.16458938,3,20.09079655
435,WA,53,33,53033,10102,1,530330101021,1442,4120,0.35,1441,4117.1,1302.305852,0.26114275,626,435,0.35300271,1,30.57086097
436,WA,53,33,53033,10102,2,530330101022,1509,7545,0.2,1473,7365,1269.238934,0.14598815,580,436,0.2041292,1,7.98785979
437,WA,53,33,53033,10102,3,530330101023,1550,22142.9,0.07,1468,20971.4,785,0.04533686,302,437,0.06959162,1,7.33820569
438,WA,53,33,53033,10200,1,530330102001,1598,6392,0.25,1583,6332,1173.189567,0.17613233,677,438,0.25297667,0,5.13456105
439,WA,53,33,53033,10200,2,530330102002,1090,1981.8,0.55,1079,1961.8,798.3685643,0.50084196,423,439,0.55184878,1,60.83632623
440,WA,53,33,53033,10200,3,530330102003,1203,10025,0.12,1205,10041.7,808,0.09140102,431,440,0.12366463,0,3.36187603
441,WA,53,33,53033,10200,4,530330102004,1171,7806.7,0.15,1168,7786.7,860,0.09745641,507,441,0.15018908,1,1.1089644
442,WA,53,33,53033,10301,1,530330103011,1234,8814.3,0.14,1221,8721.4,1005,0.10120932,466,442,0.14152203,1,1.85074828
443,WA,53,33,53033,10301,2,530330103012,1317,9407.1,0.14,1251,8935.7,1099,0.10198339,437,443,0.14120853,2,18.97604083
444,WA,53,33,53033,10301,3,530330103013,1406,14060,0.1,1378,13780,819,0.07755022,290,444,0.10442875,1,11.92278171
445,WA,53,33,53033,10302,1,530330103021,1440,20571.4,0.07,1395,19928.6,950,0.04714594,226,445,0.06527174,1,14.55053042
446,WA,53,33,53033,10302,2,530330103022,1281,16012.5,0.08,1188,14850,919,0.06191711,307,446,0.08280505,4,10.65326309
447,WA,53,33,53033,10302,3,530330103023,1327,13270,0.1,1184,11840,1740,0.06616804,393,447,0.0959859,3,11.1749408
448,WA,53,33,53033,10401,1,530330104011,1269,7050,0.18,1236,6866.7,2162,0.12662221,502,448,0.17980007,0,8.11717446
449,WA,53,33,53033,10401,2,530330104012,1722,6888,0.25,1718,6872,1490.624728,0.17676562,628,449,0.24555521,1,5.64115329
450,WA,53,33,53033,10401,3,530330104013,1596,7980,0.2,1560,7800,1893.375272,0.15197613,574,450,0.20393697,1,3.99872138
451,WA,53,33,53033,10402,1,530330104021,1493,6220.8,0.24,1457,6070.8,1712.084402,0.15689511,529,451,0.2416888,2,7.57875317
452,WA,53,33,53033,10402,2,530330104022,1267,7038.9,0.18,1258,6988.9,811.1478954,0.14209192,469,452,0.18276588,0,0.54013232
453,WA,53,33,53033,10402,3,530330104023,997,9063.6,0.11,990,9000,522.9795179,0.07579697,334,453,0.11242145,0,7.32121963
454,WA,53,33,53033,10402,4,530330104024,1398,9985.7,0.14,1392,9942.9,847.8729993,0.09219456,455,454,0.13606141,0,3.22962569
455,WA,53,33,53033,10501,1,530330105011,2076,29657.1,0.07,1869,26700,919,0.04603984,254,455,0.07057381,1,16.29643765
456,WA,53,33,53033,10501,2,530330105012,1540,11000,0.14,1524,10885.7,753,0.10080723,419,456,0.13883626,0,5.90301945
457,WA,53,33,53033,10501,3,530330105013,1397,17462.5,0.08,1385,17312.5,956,0.04508902,235,457,0.07708642,2,22.44834034
458,WA,53,33,53033,10502,1,530330105021,1293,10775,0.12,1247,10391.7,776,0.07786287,374,458,0.11815486,4,5.03789935
459,WA,53,33,53033,10502,2,530330105022,1221,8140,0.15,1197,7980,706,0.10081354,485,459,0.14595329,1,3.29960799
460,WA,53,33,53033,10502,3,530330105023,1303,18614.3,0.07,1301,18585.7,684,0.05072122,226,460,0.07371844,1,12.38557811
461,WA,53,33,53033,10502,4,530330105024,1682,42050,0.04,1549,38725,442,0.0243968,91,461,0.03897064,3,30.24843474
462,WA,53,33,53033,10601,1,530330106011,1358,10446.2,0.13,1308,10061.5,938,0.0851172,477,462,0.1258962,1,1.4877915
463,WA,53,33,53033,10601,2,530330106012,1400,10769.2,0.13,1373,10561.5,1208,0.08453255,498,463,0.1263556,0,3.85261233
464,WA,53,33,53033,10601,3,530330106013,1413,8311.8,0.17,1393,8194.1,896,0.11867316,505,464,0.16829196,1,8.19535147
465,WA,53,33,53033,10602,1,530330106021,1440,8470.6,0.17,1411,8300,1151,0.11883496,531,465,0.1743485,2,3.95885328
466,WA,53,33,53033,10602,2,530330106022,1382,4765.5,0.29,1360,4689.7,1387.420409,0.23637183,657,466,0.28883091,1,0
467,WA,53,33,53033,10602,3,530330106023,1242,10350,0.12,1220,10166.7,800,0.08139436,437,467,0.1170848,0,3.07631397
468,WA,53,33,53033,10701,1,530330107011,1795,8975,0.2,1780,8900,2379.234784,0.15005328,618,468,0.19639947,0,22.25632504
469,WA,53,33,53033,10701,2,530330107012,1080,7200,0.15,1077,7180,1743.475392,0.12068857,342,469,0.15417831,0,22.35372908
470,WA,53,33,53033,10701,3,530330107013,1275,6071.4,0.21,1264,6019,2020.323558,0.17020436,392,470,0.2135624,2,38.39584915
471,WA,53,33,53033,10702,1,530330107021,1190,9916.7,0.12,1187,9891.7,721.0241563,0.07987384,338,471,0.11574245,0,1.76737913
472,WA,53,33,53033,10702,2,530330107022,1934,24175,0.08,1933,24162.5,2127.111699,0.05452488,378,472,0.07964588,1,7.59334443
473,WA,53,33,53033,10702,3,530330107023,1486,13509.1,0.11,1416,12872.7,1977.888301,0.08001609,395,473,0.10581295,1,22.07889262
474,WA,53,33,53033,10800,1,530330108001,1536,1435.5,1.07,1529,1429,3008.980633,0.93182114,648,474,1.06783658,1,26.13989816
475,WA,53,33,53033,10800,2,530330108002,1625,5416.7,0.3,1618,5393.3,2181,0.23756219,614,475,0.30214465,0,2.39200194
476,WA,53,33,53033,10800,3,530330108003,1970,8565.2,0.23,1916,8330.4,2707.834398,0.17290989,812,476,0.22944162,3,7.56231238
477,WA,53,33,53033,10900,1,530330109001,742,623.5,1.19,617,518.5,1548.281749,1.10748599,385,477,1.19293161,1,1.13162986
478,WA,53,33,53033,10900,2,530330109002,807,906.7,0.89,840,943.8,5737.998615,0.64648303,753,478,0.88689871,8,5.35726556
479,WA,53,33,53033,11001,1,530330110011,1719,19100,0.09,1562,17355.6,1140.925605,0.06782433,270,479,0.09116426,0,18.83739711
480,WA,53,33,53033,11001,2,530330110012,1457,9106.3,0.16,1456,9100,1687.512103,0.1250351,310,480,0.16382263,2,22.1350213
481,WA,53,33,53033,11001,3,530330110013,1764,11025,0.16,1772,11075,1138.561906,0.12902354,367,481,0.16214706,2,10.28523717
482,WA,53,33,53033,11002,1,530330110021,1404,3265.1,0.43,1400,3255.8,1480.81387,0.22801865,491,482,0.42532948,0,4.01087561
483,WA,53,33,53033,11002,2,530330110022,1606,13383.3,0.12,1590,13250,716.6703843,0.08303084,364,483,0.12426166,0,0.63324917
484,WA,53,33,53033,11002,3,530330110023,1745,15863.6,0.11,1600,14545.5,855,0.08164829,240,484,0.11435034,1,18.393287
485,WA,53,33,53033,11101,1,530330111011,2021,18372.7,0.11,1880,17090.9,1049,0.08368433,323,485,0.11090236,1,16.16190587
486,WA,53,33,53033,11101,2,530330111012,1110,18500,0.06,814,13566.7,516,0.0402241,122,486,0.05620987,1,25.47348547
487,WA,53,33,53033,11101,3,530330111013,1566,13050,0.12,1524,12700,1319.330001,0.09305846,478,487,0.12236589,0,3.87977413
488,WA,53,33,53033,11101,4,530330111014,1656,11040,0.15,1529,10193.3,1004,0.10302192,456,488,0.14944905,0,6.07915169
489,WA,53,33,53033,11102,1,530330111021,1385,5540,0.25,1367,5468,937.3488118,0.21525998,490,489,0.25025278,1,5.57079693
490,WA,53,33,53033,11102,2,530330111022,1271,11554.5,0.11,1207,10972.7,890,0.09024084,338,490,0.11020417,0,13.64021319
491,WA,53,33,53033,11102,3,530330111023,867,17340,0.05,802,16040,529,0.03523476,144,491,0.04567328,0,6.14644495
492,WA,53,33,53033,11102,4,530330111024,1283,12830,0.1,1276,12760,718,0.07558332,281,492,0.09703598,1,8.86530409
493,WA,53,33,53033,11200,1,530330112001,1467,3578,0.41,1426,3478,3393.115589,0.29114857,623,493,0.41283029,4,7.75087838
494,WA,53,33,53033,11200,2,530330112002,1274,3538.9,0.36,1252,3477.8,3300.149478,0.247672,551,494,0.36100893,3,5.88624579
495,WA,53,33,53033,11200,3,530330112003,1122,5905.3,0.19,1058,5568.4,2240.172792,0.13312837,408,495,0.18509538,2,5.09205458
496,WA,53,33,53033,11300,1,530330113001,2126,2592.7,0.82,2107,2569.5,2561.278915,0.61013929,580,496,0.81669617,1,37.10903516
497,WA,53,33,53033,11300,2,530330113002,1243,8286.7,0.15,1213,8086.7,773,0.10513955,429,497,0.14787611,0,4.99837231
498,WA,53,33,53033,11300,3,530330113003,1008,9163.6,0.11,995,9045.5,678,0.07389676,361,498,0.10695775,0,3.06360524
499,WA,53,33,53033,11300,4,530330113004,1149,7660,0.15,1134,7560,780,0.10995441,430,499,0.15262462,1,8.09268813
500,WA,53,33,53033,11300,5,530330113005,1168,10618.2,0.11,1151,10463.6,630,0.07676767,423,500,0.11234873,0,0.12566197
501,WA,53,33,53033,11401,1,530330114011,1361,9721.4,0.14,1358,9700,486,0.11146023,202,501,0.14158038,0,4.35121708
502,WA,53,33,53033,11401,2,530330114012,1352,9657.1,0.14,1331,9507.1,840,0.10899357,285,502,0.14126143,0,34.96312647
503,WA,53,33,53033,11401,3,530330114013,1615,8500,0.19,1537,8089.5,1056,0.13396616,612,503,0.19328016,0,0.18519531
504,WA,53,33,53033,11402,1,530330114021,1248,7341.2,0.17,1194,7023.5,617,0.12331759,297,504,0.16727589,0,29.41641948
505,WA,53,33,53033,11402,2,530330114022,1617,13475,0.12,1493,12441.7,2120.793282,0.08154773,547,505,0.12391963,3,9.65581376
506,WA,53,33,53033,11402,3,530330114023,1526,8976.5,0.17,1512,8894.1,817,0.12666258,459,506,0.16681671,1,14.38807744
507,WA,53,33,53033,11500,1,530330115001,1377,6557.1,0.21,1372,6533.3,793,0.14936342,594,507,0.21390173,0,4.63782347
508,WA,53,33,53033,11500,2,530330115002,1573,7490.5,0.21,1540,7333.3,861,0.1413523,605,508,0.20545918,1,1.88791808
509,WA,53,33,53033,11500,3,530330115003,1572,9247.1,0.17,1540,9058.8,824,0.11920579,574,509,0.17461899,0,3.47935913
510,WA,53,33,53033,11601,1,530330116011,1932,6662.1,0.29,1918,6613.8,1699.121893,0.2173779,841,510,0.29300012,0,0
511,WA,53,33,53033,11601,2,530330116012,1679,5416.1,0.31,1637,5280.6,1544.771415,0.2314125,687,511,0.30694736,4,19.6973525
512,WA,53,33,53033,11602,1,530330116021,1038,6920,0.15,1033,6886.7,960,0.11268567,446,512,0.15176621,0,1.7395459
513,WA,53,33,53033,11602,2,530330116022,1106,8507.7,0.13,1097,8438.5,529,0.08512155,459,513,0.12608729,0,0
514,WA,53,33,53033,11602,3,530330116023,1209,3555.9,0.34,1191,3502.9,826.4126703,0.29595997,406,514,0.338992,2,61.04133581
515,WA,53,33,53033,11700,1,530330117001,1670,7952.4,0.21,1634,7781,2257.614589,0.15771295,524,515,0.21165886,0,2.93061844
516,WA,53,33,53033,11700,2,530330117002,1462,2358.1,0.62,1442,2325.8,2929.140583,0.42669069,635,516,0.6184031,1,12.2469836
517,WA,53,33,53033,11700,3,530330117003,1591,7955,0.2,1401,7005,1481.403651,0.13799848,504,517,0.19637301,0,15.91400709
518,WA,53,33,53033,11700,4,530330117004,1066,3230.3,0.33,1180,3575.8,2682.086258,0.27061743,485,518,0.33103975,0,9.66624277
519,WA,53,33,53033,11801,1,530330118011,1578,9862.5,0.16,1327,8293.8,919.0176218,0.13022145,401,519,0.16338064,1,26.1621216
520,WA,53,33,53033,11801,2,530330118012,1192,10836.4,0.11,1137,10336.4,626,0.08709031,363,520,0.11051924,0,4.7728544
521,WA,53,33,53033,11801,3,530330118013,1339,7876.5,0.17,1330,7823.5,1258,0.14251284,264,521,0.17432549,1,32.45435418
522,WA,53,33,53033,11802,1,530330118021,1405,7805.6,0.18,1348,7488.9,1448,0.13184639,555,522,0.18103443,0,9.29295746
523,WA,53,33,53033,11802,2,530330118022,1446,11123.1,0.13,1378,10600,1182.375089,0.09151342,306,523,0.12795126,0,7.03118337
524,WA,53,33,53033,11802,3,530330118023,1554,11953.8,0.13,1497,11515.4,1237.374835,0.09827612,226,524,0.13101301,1,27.40224572
525,WA,53,33,53033,11901,1,530330119011,1351,4825,0.28,1322,4721.4,1338.989899,0.24099354,434,525,0.28119376,0,37.74428195
526,WA,53,33,53033,11901,2,530330119012,1109,6931.3,0.16,1105,6906.3,865.7506644,0.13311324,401,526,0.16486924,0,0.5103773
527,WA,53,33,53033,11901,3,530330119013,1298,6490,0.2,1291,6455,1007.548155,0.16088847,442,527,0.20354175,0,8.0806089
528,WA,53,33,53033,11902,1,530330119021,1330,8866.7,0.15,1317,8780,697,0.11187224,500,528,0.15338419,0,0
529,WA,53,33,53033,11902,2,530330119022,1329,4582.8,0.29,1317,4541.4,1446.608613,0.23237572,604,529,0.28763778,1,22.13865564
530,WA,53,33,53033,11902,3,530330119023,1239,7288.2,0.17,1235,7264.7,853.6112443,0.12750902,476,530,0.16926742,0,0.89532413
531,WA,53,33,53033,12000,1,530330120001,1235,6861.1,0.18,1184,6577.8,556,0.13396771,512,531,0.17997632,0,0.31409535
532,WA,53,33,53033,12000,2,530330120002,1237,6185,0.2,1221,6105,860,0.14104688,517,532,0.19641462,0,0.93832799
533,WA,53,33,53033,12000,3,530330120003,1160,6444.4,0.18,1155,6416.7,684.0512034,0.12758447,482,533,0.17846365,0,0.37777363
534,WA,53,33,53033,12100,1,530330121001,1188,3600,0.33,1180,3575.8,1416.25108,0.28386616,548,534,0.33340101,1,4.1315937
535,WA,53,33,53033,12100,2,530330121002,1618,4758.8,0.34,1613,4744.1,1299.348273,0.27213753,691,535,0.33765635,1,8.64888145
536,WA,53,33,53033,26500,1,530330265001,1739,4241.5,0.41,1629,3973.2,2307.36775,0.28040734,559,583,0.41130437,1,2.91855305
